<?xml version="1.0" encoding="UTF-8"?>
<objects serializationModel="Studio.02.01.00">
	<object class="Event" id="{37a78df3-30e1-4421-a0e6-f0beece93b3b}">
		<property name="name">
			<value>Music</value>
		</property>
		<property name="outputFormat">
			<value>1</value>
		</property>
		<relationship name="folder">
			<destination>{be03d365-8edb-4d15-b76b-ec8c4120befe}</destination>
		</relationship>
		<relationship name="mixer">
			<destination>{144bcd05-6735-4947-8dd7-0057d11cb4d2}</destination>
		</relationship>
		<relationship name="masterTrack">
			<destination>{43c5c5d6-d1fa-4f0e-91af-d73beba537ee}</destination>
		</relationship>
		<relationship name="mixerInput">
			<destination>{0ebf93e2-831b-4f5c-8b36-d9352d75f61a}</destination>
		</relationship>
		<relationship name="automatableProperties">
			<destination>{f0f6ab4a-0ed9-404b-ac5e-d4890ba71ac6}</destination>
		</relationship>
		<relationship name="markerTracks">
			<destination>{9a084749-867c-4124-98a1-8ef2c6407c0f}</destination>
			<destination>{1244de9c-c10e-43f4-a979-df0b82e0e6e5}</destination>
			<destination>{5b009b19-d7fa-48e8-83a0-23e734713465}</destination>
			<destination>{a6be836d-8bc0-4137-9825-e53281c0cd81}</destination>
		</relationship>
		<relationship name="groupTracks">
			<destination>{132013b7-2650-4344-ae1a-68fcfd0c8e6f}</destination>
		</relationship>
		<relationship name="timeline">
			<destination>{7c27f341-b6e6-475b-904d-6273b12be4a2}</destination>
		</relationship>
		<relationship name="parameters">
			<destination>{5b3dbfb9-bd6b-446a-a47e-ab8c9b963364}</destination>
		</relationship>
		<relationship name="banks">
			<destination>{b30aa0fe-6696-43df-a942-633efb3d6158}</destination>
		</relationship>
	</object>
	<object class="EventMixer" id="{144bcd05-6735-4947-8dd7-0057d11cb4d2}">
		<relationship name="masterBus">
			<destination>{b1370967-435b-44cf-987b-908a99bcbc92}</destination>
		</relationship>
	</object>
	<object class="MasterTrack" id="{43c5c5d6-d1fa-4f0e-91af-d73beba537ee}">
		<relationship name="modules">
			<destination>{98b89d3e-4a1c-4af2-89c4-14e2754f81e5}</destination>
			<destination>{4bbe1b64-239e-47c0-81fd-50c1f7d02f07}</destination>
			<destination>{6fada2d9-2c76-48a8-8d7a-75b82d0d9489}</destination>
			<destination>{97a614bd-fddc-4e43-92cd-d903d80b086d}</destination>
		</relationship>
		<relationship name="mixerGroup">
			<destination>{b1370967-435b-44cf-987b-908a99bcbc92}</destination>
		</relationship>
	</object>
	<object class="MixerInput" id="{0ebf93e2-831b-4f5c-8b36-d9352d75f61a}">
		<relationship name="effectChain">
			<destination>{7a5e49fc-09a9-4ff6-90d4-082ecafcf67b}</destination>
		</relationship>
		<relationship name="panner">
			<destination>{af3cd807-963b-4db9-9634-2e7773073327}</destination>
		</relationship>
		<relationship name="output">
			<destination>{9dd1e151-948e-4aae-842b-837713b36a2e}</destination>
		</relationship>
	</object>
	<object class="EventAutomatableProperties" id="{f0f6ab4a-0ed9-404b-ac5e-d4890ba71ac6}" />
	<object class="MarkerTrack" id="{9a084749-867c-4124-98a1-8ef2c6407c0f}" />
	<object class="MarkerTrack" id="{1244de9c-c10e-43f4-a979-df0b82e0e6e5}" />
	<object class="MarkerTrack" id="{5b009b19-d7fa-48e8-83a0-23e734713465}" />
	<object class="MarkerTrack" id="{a6be836d-8bc0-4137-9825-e53281c0cd81}" />
	<object class="GroupTrack" id="{132013b7-2650-4344-ae1a-68fcfd0c8e6f}">
		<relationship name="modules">
			<destination>{cd189c1e-0d4c-48eb-a1f0-ae687f748f76}</destination>
			<destination>{7f4f1cde-a7d0-4317-a3c2-5d9b526c153b}</destination>
			<destination>{14620055-b17d-4267-a839-95ea19d3b231}</destination>
			<destination>{5b670c97-0dae-461e-a1d5-8efc495ced26}</destination>
			<destination>{21f7f40e-aaad-4f87-a959-46c1d3ab8d20}</destination>
			<destination>{5f8fc66c-10a4-4806-9112-4ab757bee170}</destination>
			<destination>{e28c1ce3-c13b-48c4-9d74-43b344796f1e}</destination>
		</relationship>
		<relationship name="mixerGroup">
			<destination>{4f527687-cdee-4fc8-a19a-1299951a4068}</destination>
		</relationship>
	</object>
	<object class="Timeline" id="{7c27f341-b6e6-475b-904d-6273b12be4a2}">
		<relationship name="modules">
			<destination>{cd189c1e-0d4c-48eb-a1f0-ae687f748f76}</destination>
			<destination>{7f4f1cde-a7d0-4317-a3c2-5d9b526c153b}</destination>
			<destination>{14620055-b17d-4267-a839-95ea19d3b231}</destination>
		</relationship>
		<relationship name="markers">
			<destination>{ad6064f4-a2b6-4ac4-95ff-982f19ee4978}</destination>
			<destination>{6f42e95f-00a4-4d7c-920c-4a8c29cfaa9b}</destination>
			<destination>{17f23d36-1d30-460e-93e0-3b62908255a3}</destination>
			<destination>{3637307b-a504-491d-856d-9688b9e91256}</destination>
			<destination>{621b3b74-a3cf-48bc-bc14-df357f867673}</destination>
			<destination>{1bdab444-0ff1-41c2-b350-2982fea2b898}</destination>
			<destination>{d34b66a6-5b25-4795-b956-5321cf7cc08d}</destination>
		</relationship>
	</object>
	<object class="ParameterProxy" id="{5b3dbfb9-bd6b-446a-a47e-ab8c9b963364}">
		<relationship name="preset">
			<destination>{e7992a8b-30ad-4d5d-ac67-f2ca1a17b3bb}</destination>
		</relationship>
	</object>
	<object class="EventMixerMaster" id="{b1370967-435b-44cf-987b-908a99bcbc92}">
		<relationship name="effectChain">
			<destination>{84c22d97-77b4-494e-9c38-520a8b608279}</destination>
		</relationship>
		<relationship name="panner">
			<destination>{83d21832-aa5e-48b3-aaf5-d3ffd6ce5228}</destination>
		</relationship>
		<relationship name="mixer">
			<destination>{144bcd05-6735-4947-8dd7-0057d11cb4d2}</destination>
		</relationship>
	</object>
	<object class="TransitionSourceSound" id="{98b89d3e-4a1c-4af2-89c4-14e2754f81e5}">
		<property name="length">
			<value>0</value>
		</property>
	</object>
	<object class="TransitionDestinationSound" id="{4bbe1b64-239e-47c0-81fd-50c1f7d02f07}">
		<property name="start">
			<value>6.6206896551724137</value>
		</property>
		<property name="length">
			<value>0</value>
		</property>
	</object>
	<object class="TransitionSourceSound" id="{6fada2d9-2c76-48a8-8d7a-75b82d0d9489}">
		<property name="length">
			<value>0</value>
		</property>
	</object>
	<object class="TransitionDestinationSound" id="{97a614bd-fddc-4e43-92cd-d903d80b086d}">
		<property name="start">
			<value>6.6206896551724137</value>
		</property>
		<property name="length">
			<value>0</value>
		</property>
	</object>
	<object class="MixerBusEffectChain" id="{7a5e49fc-09a9-4ff6-90d4-082ecafcf67b}">
		<relationship name="effects">
			<destination>{f1c572a9-ac70-4e93-bbc1-057a94f8a168}</destination>
		</relationship>
	</object>
	<object class="MixerBusPanner" id="{af3cd807-963b-4db9-9634-2e7773073327}" />
	<object class="SingleSound" id="{cd189c1e-0d4c-48eb-a1f0-ae687f748f76}">
		<property name="length">
			<value>79.448276643990923</value>
		</property>
		<relationship name="audioFile">
			<destination>{9a0118d8-6863-43f3-8b33-c18f5473071b}</destination>
		</relationship>
	</object>
	<object class="SingleSound" id="{7f4f1cde-a7d0-4317-a3c2-5d9b526c153b}">
		<property name="start">
			<value>96</value>
		</property>
		<property name="length">
			<value>6.6206896551724181</value>
		</property>
		<relationship name="fadeOutCurve">
			<destination>{54e392d0-61a1-47af-8120-fb5672c837ed}</destination>
		</relationship>
		<relationship name="audioFile">
			<destination>{81940546-5357-44c4-ac2b-f9a723a2e6c0}</destination>
		</relationship>
	</object>
	<object class="SingleSound" id="{14620055-b17d-4267-a839-95ea19d3b231}">
		<property name="start">
			<value>86.068965517241381</value>
		</property>
		<property name="length">
			<value>6.6206896551724199</value>
		</property>
		<relationship name="fadeOutCurve">
			<destination>{2cf2e8b9-96af-40e1-b585-219e6fd208f7}</destination>
		</relationship>
		<relationship name="audioFile">
			<destination>{788cbac8-f02d-4052-8154-3308cd431c22}</destination>
		</relationship>
	</object>
	<object class="TransitionSourceSound" id="{5b670c97-0dae-461e-a1d5-8efc495ced26}">
		<property name="length">
			<value>0</value>
		</property>
	</object>
	<object class="TransitionDestinationSound" id="{21f7f40e-aaad-4f87-a959-46c1d3ab8d20}">
		<property name="length">
			<value>6.6206896551724137</value>
		</property>
	</object>
	<object class="TransitionSourceSound" id="{5f8fc66c-10a4-4806-9112-4ab757bee170}">
		<property name="length">
			<value>0</value>
		</property>
	</object>
	<object class="TransitionDestinationSound" id="{e28c1ce3-c13b-48c4-9d74-43b344796f1e}">
		<property name="length">
			<value>6.6206896551724137</value>
		</property>
	</object>
	<object class="EventMixerGroup" id="{4f527687-cdee-4fc8-a19a-1299951a4068}">
		<property name="name">
			<value>Audio 1</value>
		</property>
		<relationship name="effectChain">
			<destination>{b9fdd69b-7d28-479d-93a0-9d389ec230d8}</destination>
		</relationship>
		<relationship name="panner">
			<destination>{6f1e17c9-c0c6-43e4-a585-eddc25337649}</destination>
		</relationship>
		<relationship name="output">
			<destination>{b1370967-435b-44cf-987b-908a99bcbc92}</destination>
		</relationship>
	</object>
	<object class="TempoMarker" id="{ad6064f4-a2b6-4ac4-95ff-982f19ee4978}">
		<property name="position">
			<value>0</value>
		</property>
		<property name="tempo">
			<value>145</value>
		</property>
		<relationship name="timeline">
			<destination>{7c27f341-b6e6-475b-904d-6273b12be4a2}</destination>
		</relationship>
		<relationship name="markerTrack">
			<destination>{9a084749-867c-4124-98a1-8ef2c6407c0f}</destination>
		</relationship>
	</object>
	<object class="LoopRegion" id="{6f42e95f-00a4-4d7c-920c-4a8c29cfaa9b}">
		<property name="position">
			<value>0</value>
		</property>
		<property name="length">
			<value>79.448276643990923</value>
		</property>
		<relationship name="timeline">
			<destination>{7c27f341-b6e6-475b-904d-6273b12be4a2}</destination>
		</relationship>
		<relationship name="markerTrack">
			<destination>{1244de9c-c10e-43f4-a979-df0b82e0e6e5}</destination>
		</relationship>
	</object>
	<object class="NamedMarker" id="{17f23d36-1d30-460e-93e0-3b62908255a3}">
		<property name="position">
			<value>86.068965517241381</value>
		</property>
		<property name="name">
			<value>Win</value>
		</property>
		<relationship name="timeline">
			<destination>{7c27f341-b6e6-475b-904d-6273b12be4a2}</destination>
		</relationship>
		<relationship name="markerTrack">
			<destination>{9a084749-867c-4124-98a1-8ef2c6407c0f}</destination>
		</relationship>
	</object>
	<object class="NamedMarker" id="{3637307b-a504-491d-856d-9688b9e91256}">
		<property name="position">
			<value>96</value>
		</property>
		<property name="name">
			<value>Lose</value>
		</property>
		<relationship name="timeline">
			<destination>{7c27f341-b6e6-475b-904d-6273b12be4a2}</destination>
		</relationship>
		<relationship name="markerTrack">
			<destination>{9a084749-867c-4124-98a1-8ef2c6407c0f}</destination>
		</relationship>
	</object>
	<object class="SustainPoint" id="{621b3b74-a3cf-48bc-bc14-df357f867673}">
		<property name="position">
			<value>92.689655172413794</value>
		</property>
		<relationship name="timeline">
			<destination>{7c27f341-b6e6-475b-904d-6273b12be4a2}</destination>
		</relationship>
		<relationship name="markerTrack">
			<destination>{1244de9c-c10e-43f4-a979-df0b82e0e6e5}</destination>
		</relationship>
	</object>
	<object class="TransitionRegion" id="{1bdab444-0ff1-41c2-b350-2982fea2b898}">
		<property name="position">
			<value>0</value>
		</property>
		<property name="length">
			<value>79.448276643990923</value>
		</property>
		<property name="quantizationInterval">
			<value>2</value>
		</property>
		<relationship name="timeline">
			<destination>{7c27f341-b6e6-475b-904d-6273b12be4a2}</destination>
		</relationship>
		<relationship name="markerTrack">
			<destination>{5b009b19-d7fa-48e8-83a0-23e734713465}</destination>
		</relationship>
		<relationship name="transitionTimeline">
			<destination>{4f54b938-71c6-4ba7-8fd4-bb04566e8b0d}</destination>
		</relationship>
		<relationship name="destination">
			<destination>{17f23d36-1d30-460e-93e0-3b62908255a3}</destination>
		</relationship>
		<relationship name="triggerConditions">
			<destination>{d8d3b9ce-2fb7-44e4-af20-16a08dfe314f}</destination>
		</relationship>
	</object>
	<object class="TransitionRegion" id="{d34b66a6-5b25-4795-b956-5321cf7cc08d}">
		<property name="position">
			<value>0</value>
		</property>
		<property name="length">
			<value>79.448276643990923</value>
		</property>
		<property name="quantizationInterval">
			<value>2</value>
		</property>
		<relationship name="timeline">
			<destination>{7c27f341-b6e6-475b-904d-6273b12be4a2}</destination>
		</relationship>
		<relationship name="markerTrack">
			<destination>{a6be836d-8bc0-4137-9825-e53281c0cd81}</destination>
		</relationship>
		<relationship name="transitionTimeline">
			<destination>{9d7f182d-a38c-48c7-b106-d79dac8cd9b6}</destination>
		</relationship>
		<relationship name="destination">
			<destination>{3637307b-a504-491d-856d-9688b9e91256}</destination>
		</relationship>
		<relationship name="triggerConditions">
			<destination>{3bb905df-7e3d-4959-9c20-c0fd19ecedcb}</destination>
		</relationship>
	</object>
	<object class="MixerBusEffectChain" id="{84c22d97-77b4-494e-9c38-520a8b608279}">
		<relationship name="effects">
			<destination>{8f48c78e-9522-4fd0-8d0b-9be3d8503bba}</destination>
		</relationship>
	</object>
	<object class="MixerBusPanner" id="{83d21832-aa5e-48b3-aaf5-d3ffd6ce5228}" />
	<object class="MixerBusFader" id="{f1c572a9-ac70-4e93-bbc1-057a94f8a168}" />
	<object class="FadeCurve" id="{54e392d0-61a1-47af-8120-fb5672c837ed}">
		<relationship name="startPoint">
			<destination>{a80f96c5-84a5-4b5c-976c-aae4d03f245b}</destination>
		</relationship>
		<relationship name="endPoint">
			<destination>{18b66d41-3482-4ae0-80e7-3acb7fad374d}</destination>
		</relationship>
	</object>
	<object class="FadeCurve" id="{2cf2e8b9-96af-40e1-b585-219e6fd208f7}">
		<relationship name="startPoint">
			<destination>{2071f4f3-5acf-4d0e-a995-47a916378af8}</destination>
		</relationship>
		<relationship name="endPoint">
			<destination>{5df793ef-f899-4c18-8643-f54688ba5e2e}</destination>
		</relationship>
	</object>
	<object class="MixerBusEffectChain" id="{b9fdd69b-7d28-479d-93a0-9d389ec230d8}">
		<relationship name="effects">
			<destination>{d9a403d4-5e4b-428e-9978-180616b44f0d}</destination>
		</relationship>
	</object>
	<object class="MixerBusPanner" id="{6f1e17c9-c0c6-43e4-a585-eddc25337649}" />
	<object class="TransitionTimeline" id="{4f54b938-71c6-4ba7-8fd4-bb04566e8b0d}">
		<property name="length">
			<value>6.6206896551724137</value>
		</property>
		<relationship name="modules">
			<destination>{5b670c97-0dae-461e-a1d5-8efc495ced26}</destination>
			<destination>{21f7f40e-aaad-4f87-a959-46c1d3ab8d20}</destination>
			<destination>{98b89d3e-4a1c-4af2-89c4-14e2754f81e5}</destination>
			<destination>{4bbe1b64-239e-47c0-81fd-50c1f7d02f07}</destination>
		</relationship>
	</object>
	<object class="ParameterCondition" id="{d8d3b9ce-2fb7-44e4-af20-16a08dfe314f}">
		<property name="minimum">
			<value>0</value>
		</property>
		<property name="maximum">
			<value>0</value>
		</property>
		<relationship name="parameter">
			<destination>{e7992a8b-30ad-4d5d-ac67-f2ca1a17b3bb}</destination>
		</relationship>
	</object>
	<object class="TransitionTimeline" id="{9d7f182d-a38c-48c7-b106-d79dac8cd9b6}">
		<property name="length">
			<value>6.6206896551724137</value>
		</property>
		<relationship name="modules">
			<destination>{5f8fc66c-10a4-4806-9112-4ab757bee170}</destination>
			<destination>{e28c1ce3-c13b-48c4-9d74-43b344796f1e}</destination>
			<destination>{6fada2d9-2c76-48a8-8d7a-75b82d0d9489}</destination>
			<destination>{97a614bd-fddc-4e43-92cd-d903d80b086d}</destination>
		</relationship>
	</object>
	<object class="ParameterCondition" id="{3bb905df-7e3d-4959-9c20-c0fd19ecedcb}">
		<property name="minimum">
			<value>1</value>
		</property>
		<property name="maximum">
			<value>1</value>
		</property>
		<relationship name="parameter">
			<destination>{e7992a8b-30ad-4d5d-ac67-f2ca1a17b3bb}</destination>
		</relationship>
	</object>
	<object class="MixerBusFader" id="{8f48c78e-9522-4fd0-8d0b-9be3d8503bba}" />
	<object class="AutomationPoint" id="{a80f96c5-84a5-4b5c-976c-aae4d03f245b}">
		<property name="position">
			<value>100.9655172413793</value>
		</property>
		<property name="value">
			<value>1</value>
		</property>
		<property name="curveShape">
			<value>0.25471893</value>
		</property>
	</object>
	<object class="AutomationPoint" id="{18b66d41-3482-4ae0-80e7-3acb7fad374d}">
		<property name="position">
			<value>102.62068965517241</value>
		</property>
		<property name="value">
			<value>0</value>
		</property>
	</object>
	<object class="AutomationPoint" id="{2071f4f3-5acf-4d0e-a995-47a916378af8}">
		<property name="position">
			<value>91.034482758620683</value>
		</property>
		<property name="value">
			<value>1</value>
		</property>
		<property name="curveShape">
			<value>0.25471893</value>
		</property>
	</object>
	<object class="AutomationPoint" id="{5df793ef-f899-4c18-8643-f54688ba5e2e}">
		<property name="position">
			<value>92.689655172413808</value>
		</property>
		<property name="value">
			<value>0</value>
		</property>
	</object>
	<object class="MixerBusFader" id="{d9a403d4-5e4b-428e-9978-180616b44f0d}" />
</objects>
