<?xml version="1.0" encoding="UTF-8"?>
<objects serializationModel="Studio.02.01.00">
	<object class="Event" id="{4cd8a28b-8892-45ee-ad3e-04eb950a6388}">
		<property name="name">
			<value>Steeering</value>
		</property>
		<property name="outputFormat">
			<value>2</value>
		</property>
		<relationship name="folder">
			<destination>{ca3863d1-28b1-4584-8298-7110f2783573}</destination>
		</relationship>
		<relationship name="mixer">
			<destination>{b301f855-7c2f-4d4f-a4b7-3575cdcb7781}</destination>
		</relationship>
		<relationship name="masterTrack">
			<destination>{d16c16b9-7f08-4c36-962b-82df2ae7d352}</destination>
		</relationship>
		<relationship name="mixerInput">
			<destination>{f7e80a45-098a-4e45-b9f9-12ee6b86d210}</destination>
		</relationship>
		<relationship name="automatableProperties">
			<destination>{dd6d2d6b-2516-4ec6-9229-714a22cca238}</destination>
		</relationship>
		<relationship name="markerTracks">
			<destination>{2c1c7a41-c42f-4350-894a-7420def4b4f5}</destination>
		</relationship>
		<relationship name="groupTracks">
			<destination>{eec7a513-cf2f-443a-aa89-5effbe2cc0c1}</destination>
		</relationship>
		<relationship name="timeline">
			<destination>{18c19331-d8bc-44cb-a041-9e03616262fc}</destination>
		</relationship>
		<relationship name="parameters">
			<destination>{87caf7c8-ae0f-4499-97ef-925abb33cc59}</destination>
		</relationship>
		<relationship name="banks">
			<destination>{b30aa0fe-6696-43df-a942-633efb3d6158}</destination>
		</relationship>
	</object>
	<object class="EventMixer" id="{b301f855-7c2f-4d4f-a4b7-3575cdcb7781}">
		<relationship name="masterBus">
			<destination>{acdf0652-32bd-4efb-b056-00fe3a1fa4b4}</destination>
		</relationship>
	</object>
	<object class="MasterTrack" id="{d16c16b9-7f08-4c36-962b-82df2ae7d352}">
		<relationship name="mixerGroup">
			<destination>{acdf0652-32bd-4efb-b056-00fe3a1fa4b4}</destination>
		</relationship>
	</object>
	<object class="MixerInput" id="{f7e80a45-098a-4e45-b9f9-12ee6b86d210}">
		<relationship name="effectChain">
			<destination>{44c2c702-0b7c-4040-b5ff-34419d0e4c88}</destination>
		</relationship>
		<relationship name="panner">
			<destination>{cf4e2f86-0c70-40f1-b7d1-fe212b06ef9d}</destination>
		</relationship>
		<relationship name="output">
			<destination>{37bb2356-489f-4dbc-a758-950b80b5d2a0}</destination>
		</relationship>
	</object>
	<object class="EventAutomatableProperties" id="{dd6d2d6b-2516-4ec6-9229-714a22cca238}" />
	<object class="MarkerTrack" id="{2c1c7a41-c42f-4350-894a-7420def4b4f5}" />
	<object class="GroupTrack" id="{eec7a513-cf2f-443a-aa89-5effbe2cc0c1}">
		<relationship name="modules">
			<destination>{afcc8a38-c7e6-43f2-ac05-303f42b59f76}</destination>
		</relationship>
		<relationship name="mixerGroup">
			<destination>{7e6ea9e0-5eee-4b31-8f3a-3bc9da9b97ff}</destination>
		</relationship>
	</object>
	<object class="Timeline" id="{18c19331-d8bc-44cb-a041-9e03616262fc}" />
	<object class="ParameterProxy" id="{87caf7c8-ae0f-4499-97ef-925abb33cc59}">
		<relationship name="modules">
			<destination>{afcc8a38-c7e6-43f2-ac05-303f42b59f76}</destination>
		</relationship>
		<relationship name="preset">
			<destination>{70e11951-c1fa-478b-a499-24f1cfec916d}</destination>
		</relationship>
	</object>
	<object class="EventMixerMaster" id="{acdf0652-32bd-4efb-b056-00fe3a1fa4b4}">
		<relationship name="effectChain">
			<destination>{2909acd7-bf1a-408c-ab14-84c97a942275}</destination>
		</relationship>
		<relationship name="panner">
			<destination>{d5192bc7-f673-42e9-a065-600f7781904f}</destination>
		</relationship>
		<relationship name="mixer">
			<destination>{b301f855-7c2f-4d4f-a4b7-3575cdcb7781}</destination>
		</relationship>
	</object>
	<object class="MixerBusEffectChain" id="{44c2c702-0b7c-4040-b5ff-34419d0e4c88}">
		<relationship name="effects">
			<destination>{b5d79784-4243-4122-b4ff-27b87c6fcec6}</destination>
		</relationship>
	</object>
	<object class="MixerBusPanner" id="{cf4e2f86-0c70-40f1-b7d1-fe212b06ef9d}" />
	<object class="MultiSound" id="{afcc8a38-c7e6-43f2-ac05-303f42b59f76}">
		<property name="triggerProbabilityEnabled">
			<value>true</value>
		</property>
		<property name="length">
			<value>0.050000000000000003</value>
		</property>
		<property name="volume">
			<value>-9.5</value>
		</property>
		<relationship name="sounds">
			<destination>{ae284e9e-8ba6-4f24-9c40-a25d427247cb}</destination>
			<destination>{68e9a2dc-1793-46f6-b2be-1d135f0dbc0a}</destination>
			<destination>{f4cf4b16-0a37-43ed-990c-6c3587503d05}</destination>
			<destination>{0c3ecefd-cd7c-4bda-9ded-28cbee7777b4}</destination>
			<destination>{21f9dd87-88f6-43f4-b789-2589e102bc72}</destination>
			<destination>{06f2f63e-b333-40e5-917f-5e694a891180}</destination>
			<destination>{4859c0d2-356d-4c14-bd5a-4fbd4bb758db}</destination>
			<destination>{4240cf8e-07aa-42f6-b419-1712f3a35b7e}</destination>
		</relationship>
	</object>
	<object class="EventMixerGroup" id="{7e6ea9e0-5eee-4b31-8f3a-3bc9da9b97ff}">
		<property name="name">
			<value>Audio 1</value>
		</property>
		<relationship name="effectChain">
			<destination>{bed3b38f-b3b4-4e93-82a0-f587b369fc3c}</destination>
		</relationship>
		<relationship name="panner">
			<destination>{87364ecf-1592-4873-9db4-88d20268f4e9}</destination>
		</relationship>
		<relationship name="output">
			<destination>{acdf0652-32bd-4efb-b056-00fe3a1fa4b4}</destination>
		</relationship>
	</object>
	<object class="MixerBusEffectChain" id="{2909acd7-bf1a-408c-ab14-84c97a942275}">
		<relationship name="effects">
			<destination>{61827572-c98f-4c5c-91b3-7e226b398d97}</destination>
			<destination>{314ab3e4-ae16-4b8f-a94d-0b6d870a0584}</destination>
		</relationship>
	</object>
	<object class="MixerBusPanner" id="{d5192bc7-f673-42e9-a065-600f7781904f}" />
	<object class="MixerBusFader" id="{b5d79784-4243-4122-b4ff-27b87c6fcec6}" />
	<object class="SingleSound" id="{ae284e9e-8ba6-4f24-9c40-a25d427247cb}">
		<property name="pitch">
			<value>-3.20000005</value>
		</property>
		<relationship name="audioFile">
			<destination>{25670b37-09ce-4252-9654-7e08228e29fd}</destination>
		</relationship>
	</object>
	<object class="SingleSound" id="{68e9a2dc-1793-46f6-b2be-1d135f0dbc0a}">
		<property name="pitch">
			<value>-2.4000001</value>
		</property>
		<relationship name="audioFile">
			<destination>{e74a215e-64f8-4ad8-8d5a-ae2c04d51deb}</destination>
		</relationship>
	</object>
	<object class="SingleSound" id="{f4cf4b16-0a37-43ed-990c-6c3587503d05}">
		<property name="volume">
			<value>2.5</value>
		</property>
		<property name="pitch">
			<value>0.600000024</value>
		</property>
		<relationship name="audioFile">
			<destination>{3887b13f-ab05-4d0e-b1dc-fd0ad98983d8}</destination>
		</relationship>
	</object>
	<object class="SingleSound" id="{0c3ecefd-cd7c-4bda-9ded-28cbee7777b4}">
		<property name="pitch">
			<value>-1.39999998</value>
		</property>
		<relationship name="audioFile">
			<destination>{e351cc75-dc80-4378-a4f4-5501bf7bc5d8}</destination>
		</relationship>
	</object>
	<object class="SingleSound" id="{21f9dd87-88f6-43f4-b789-2589e102bc72}">
		<property name="pitch">
			<value>-0.5</value>
		</property>
		<relationship name="audioFile">
			<destination>{1a672573-662d-46a8-87d8-fc979e9d58e9}</destination>
		</relationship>
	</object>
	<object class="SingleSound" id="{06f2f63e-b333-40e5-917f-5e694a891180}">
		<property name="pitch">
			<value>-0.400000006</value>
		</property>
		<relationship name="audioFile">
			<destination>{bb1db12c-8dde-470f-ae7a-6c1f3f0f6c17}</destination>
		</relationship>
	</object>
	<object class="SingleSound" id="{4859c0d2-356d-4c14-bd5a-4fbd4bb758db}">
		<relationship name="audioFile">
			<destination>{824d8d3a-c4f5-499a-bfa2-292e69e417dd}</destination>
		</relationship>
	</object>
	<object class="SingleSound" id="{4240cf8e-07aa-42f6-b419-1712f3a35b7e}">
		<relationship name="audioFile">
			<destination>{e8bf94ca-d661-44ca-945b-99d167cc1c47}</destination>
		</relationship>
	</object>
	<object class="MixerBusEffectChain" id="{bed3b38f-b3b4-4e93-82a0-f587b369fc3c}">
		<relationship name="effects">
			<destination>{f97f83eb-e085-4715-80c8-66d80f8bae33}</destination>
		</relationship>
	</object>
	<object class="MixerBusPanner" id="{87364ecf-1592-4873-9db4-88d20268f4e9}" />
	<object class="MixerBusFader" id="{61827572-c98f-4c5c-91b3-7e226b398d97}" />
	<object class="SpatialiserEffect" id="{314ab3e4-ae16-4b8f-a94d-0b6d870a0584}" />
	<object class="MixerBusFader" id="{f97f83eb-e085-4715-80c8-66d80f8bae33}" />
</objects>
