<?xml version="1.0" encoding="UTF-8"?>
<objects serializationModel="Studio.02.01.00">
	<object class="Event" id="{5a11a855-b9f4-4c07-85db-34f82ca7e8cc}">
		<property name="name">
			<value>Engine</value>
		</property>
		<property name="outputFormat">
			<value>2</value>
		</property>
		<relationship name="folder">
			<destination>{be03d365-8edb-4d15-b76b-ec8c4120befe}</destination>
		</relationship>
		<relationship name="mixer">
			<destination>{e5374098-06e8-4604-9eaf-e613ffb08fa2}</destination>
		</relationship>
		<relationship name="masterTrack">
			<destination>{0061a024-7934-47e3-8598-83447e5a4f8a}</destination>
		</relationship>
		<relationship name="mixerInput">
			<destination>{262d7b54-0b9b-4f6c-8ea3-a8cec80bae33}</destination>
		</relationship>
		<relationship name="automatableProperties">
			<destination>{3fb7db72-1bfc-4b60-b7fb-37d4d8b8021e}</destination>
		</relationship>
		<relationship name="markerTracks">
			<destination>{63381cbf-fb08-4980-83c6-b523664f170b}</destination>
		</relationship>
		<relationship name="groupTracks">
			<destination>{7c9c4261-4112-4f08-bdd6-ba6d1d2d8ba9}</destination>
			<destination>{3f41e361-de47-4c4f-964c-aef83c2f220e}</destination>
			<destination>{cd0dc058-f342-4a3a-8ffe-bae108e47a96}</destination>
		</relationship>
		<relationship name="timeline">
			<destination>{7a066991-ccc8-419f-b041-c9a67e17ed74}</destination>
		</relationship>
		<relationship name="parameters">
			<destination>{f24a0061-c485-42d9-a459-c9229a97bf10}</destination>
			<destination>{ce7803d7-579f-4ae9-9666-93de1d9928be}</destination>
			<destination>{8fa8bd9d-a25b-4b3c-8a69-71c5ae6ebf58}</destination>
		</relationship>
		<relationship name="banks">
			<destination>{b30aa0fe-6696-43df-a942-633efb3d6158}</destination>
		</relationship>
	</object>
	<object class="EventMixer" id="{e5374098-06e8-4604-9eaf-e613ffb08fa2}">
		<relationship name="masterBus">
			<destination>{1793018d-0bbc-4ec5-adf1-1074a247f9fd}</destination>
		</relationship>
	</object>
	<object class="MasterTrack" id="{0061a024-7934-47e3-8598-83447e5a4f8a}">
		<relationship name="mixerGroup">
			<destination>{1793018d-0bbc-4ec5-adf1-1074a247f9fd}</destination>
		</relationship>
	</object>
	<object class="MixerInput" id="{262d7b54-0b9b-4f6c-8ea3-a8cec80bae33}">
		<relationship name="effectChain">
			<destination>{c8ed76a5-c3d6-4984-94a2-8548edd32a9b}</destination>
		</relationship>
		<relationship name="panner">
			<destination>{3aefeb1a-241b-4404-8d04-7ce7301e3b32}</destination>
		</relationship>
		<relationship name="output">
			<destination>{8e2e07a5-fafc-4e54-94b7-6e57fcc98880}</destination>
		</relationship>
	</object>
	<object class="EventAutomatableProperties" id="{3fb7db72-1bfc-4b60-b7fb-37d4d8b8021e}" />
	<object class="MarkerTrack" id="{63381cbf-fb08-4980-83c6-b523664f170b}" />
	<object class="GroupTrack" id="{7c9c4261-4112-4f08-bdd6-ba6d1d2d8ba9}">
		<relationship name="automationTracks">
			<destination>{747939bf-7f49-4c2c-b178-564681dfc24c}</destination>
		</relationship>
		<relationship name="modules">
			<destination>{3ad2d2b3-b98c-45f0-b306-9e29524809bc}</destination>
			<destination>{1571aadb-c128-4df1-b7b0-c74b8224cce3}</destination>
			<destination>{23288389-ef93-45a3-af88-afb9ea39207f}</destination>
		</relationship>
		<relationship name="mixerGroup">
			<destination>{029a1e77-603d-4377-8cfe-d7041bcf56c0}</destination>
		</relationship>
	</object>
	<object class="GroupTrack" id="{3f41e361-de47-4c4f-964c-aef83c2f220e}">
		<relationship name="modules">
			<destination>{84f426d7-85ff-48b2-9a72-0d5d5acb30e6}</destination>
		</relationship>
		<relationship name="mixerGroup">
			<destination>{cbfe4b58-3648-4c88-a2a7-5380e6650e73}</destination>
		</relationship>
	</object>
	<object class="GroupTrack" id="{cd0dc058-f342-4a3a-8ffe-bae108e47a96}">
		<relationship name="mixerGroup">
			<destination>{6de6d0f7-ff0e-412d-a99c-ff35adc4264b}</destination>
		</relationship>
	</object>
	<object class="Timeline" id="{7a066991-ccc8-419f-b041-c9a67e17ed74}" />
	<object class="ParameterProxy" id="{f24a0061-c485-42d9-a459-c9229a97bf10}">
		<relationship name="modules">
			<destination>{23288389-ef93-45a3-af88-afb9ea39207f}</destination>
			<destination>{84f426d7-85ff-48b2-9a72-0d5d5acb30e6}</destination>
		</relationship>
		<relationship name="preset">
			<destination>{8c8c3c7a-766f-4c4c-ba95-b2908e8822d4}</destination>
		</relationship>
	</object>
	<object class="ParameterProxy" id="{ce7803d7-579f-4ae9-9666-93de1d9928be}">
		<relationship name="preset">
			<destination>{e74f43f7-8f75-4e2a-8556-27ef33682653}</destination>
		</relationship>
	</object>
	<object class="ParameterProxy" id="{8fa8bd9d-a25b-4b3c-8a69-71c5ae6ebf58}">
		<relationship name="modules">
			<destination>{3ad2d2b3-b98c-45f0-b306-9e29524809bc}</destination>
			<destination>{1571aadb-c128-4df1-b7b0-c74b8224cce3}</destination>
		</relationship>
		<relationship name="preset">
			<destination>{9779fa40-4b00-4c82-a3a9-923b235bc58e}</destination>
		</relationship>
	</object>
	<object class="EventMixerMaster" id="{1793018d-0bbc-4ec5-adf1-1074a247f9fd}">
		<relationship name="effectChain">
			<destination>{28073d0c-92cb-4417-9769-b1945fb02861}</destination>
		</relationship>
		<relationship name="panner">
			<destination>{989929df-9270-42a3-9df3-781fc3b74fd4}</destination>
		</relationship>
		<relationship name="mixer">
			<destination>{e5374098-06e8-4604-9eaf-e613ffb08fa2}</destination>
		</relationship>
	</object>
	<object class="MixerBusEffectChain" id="{c8ed76a5-c3d6-4984-94a2-8548edd32a9b}">
		<relationship name="effects">
			<destination>{16c0043d-2b27-4611-ab7f-2d8ccdb2f290}</destination>
		</relationship>
	</object>
	<object class="MixerBusPanner" id="{3aefeb1a-241b-4404-8d04-7ce7301e3b32}" />
	<object class="AutomationTrack" id="{747939bf-7f49-4c2c-b178-564681dfc24c}">
		<relationship name="automator">
			<destination>{ff525450-c119-48d2-a1cc-5a8ea87e13c4}</destination>
		</relationship>
	</object>
	<object class="SingleSound" id="{3ad2d2b3-b98c-45f0-b306-9e29524809bc}">
		<property name="volume">
			<value>-3</value>
		</property>
		<property name="pitch">
			<value>-2.60000014</value>
		</property>
		<relationship name="audioFile">
			<destination>{134e08f9-7f35-435a-8e51-6db08dbf011f}</destination>
		</relationship>
	</object>
	<object class="SingleSound" id="{1571aadb-c128-4df1-b7b0-c74b8224cce3}">
		<property name="start">
			<value>1</value>
		</property>
		<property name="volume">
			<value>-12.5</value>
		</property>
		<relationship name="modulators">
			<destination>{8375e540-a5fe-41c7-af5d-fe7b551332b6}</destination>
			<destination>{9b8bd04a-e334-4f64-aece-c593d7751752}</destination>
		</relationship>
		<relationship name="audioFile">
			<destination>{85e07431-e9b8-476c-910e-e8e3c2b353cb}</destination>
		</relationship>
	</object>
	<object class="SingleSound" id="{23288389-ef93-45a3-af88-afb9ea39207f}">
		<property name="length">
			<value>100</value>
		</property>
		<property name="pitch">
			<value>-2.79999995</value>
		</property>
		<property name="looping">
			<value>true</value>
		</property>
		<relationship name="modulators">
			<destination>{4f176203-e66e-446d-8041-48efc5f2c13a}</destination>
		</relationship>
		<relationship name="fadeInCurve">
			<destination>{faf20e11-c1b6-47b0-b953-ee23ffaaf613}</destination>
		</relationship>
		<relationship name="fadeOutCurve">
			<destination>{cdd1d765-92f5-4ee7-90f4-952b24f95e1e}</destination>
		</relationship>
		<relationship name="audioFile">
			<destination>{ac966934-45e9-4be3-a252-cc4186f77799}</destination>
		</relationship>
	</object>
	<object class="EventMixerGroup" id="{029a1e77-603d-4377-8cfe-d7041bcf56c0}">
		<property name="name">
			<value>Audio 1</value>
		</property>
		<relationship name="automators">
			<destination>{ff525450-c119-48d2-a1cc-5a8ea87e13c4}</destination>
		</relationship>
		<relationship name="effectChain">
			<destination>{a5b3d85b-6ec0-4536-9196-78adb85bf6e3}</destination>
		</relationship>
		<relationship name="panner">
			<destination>{10ad88b5-7348-41e0-bf2d-4374c882b235}</destination>
		</relationship>
		<relationship name="output">
			<destination>{1793018d-0bbc-4ec5-adf1-1074a247f9fd}</destination>
		</relationship>
	</object>
	<object class="SingleSound" id="{84f426d7-85ff-48b2-9a72-0d5d5acb30e6}">
		<property name="start">
			<value>20</value>
		</property>
		<property name="length">
			<value>80</value>
		</property>
		<property name="volume">
			<value>-4</value>
		</property>
		<property name="looping">
			<value>true</value>
		</property>
		<relationship name="modulators">
			<destination>{97f155cb-04bc-486f-a33f-a00a3f7dd179}</destination>
		</relationship>
		<relationship name="fadeInCurve">
			<destination>{44599c7c-0f94-4929-afd6-2ccccc78cc52}</destination>
		</relationship>
		<relationship name="audioFile">
			<destination>{c7d127a3-c16c-4413-9fa4-0947f6e6bd79}</destination>
		</relationship>
	</object>
	<object class="EventMixerGroup" id="{cbfe4b58-3648-4c88-a2a7-5380e6650e73}">
		<property name="volume">
			<value>-0.5</value>
		</property>
		<property name="name">
			<value>Audio 2</value>
		</property>
		<relationship name="effectChain">
			<destination>{d893508a-a36a-4875-bafc-2c0d8e99f1df}</destination>
		</relationship>
		<relationship name="panner">
			<destination>{c2164f63-b8f3-4695-88ea-b263d9a0f4e0}</destination>
		</relationship>
		<relationship name="output">
			<destination>{1793018d-0bbc-4ec5-adf1-1074a247f9fd}</destination>
		</relationship>
	</object>
	<object class="EventMixerGroup" id="{6de6d0f7-ff0e-412d-a99c-ff35adc4264b}">
		<property name="volume">
			<value>-3</value>
		</property>
		<property name="name">
			<value>Audio 3</value>
		</property>
		<relationship name="effectChain">
			<destination>{97e2c66b-154a-4a26-a60b-d94f36ba6fed}</destination>
		</relationship>
		<relationship name="panner">
			<destination>{719095de-a28f-42f1-90b3-f194b0d59cb8}</destination>
		</relationship>
		<relationship name="output">
			<destination>{1793018d-0bbc-4ec5-adf1-1074a247f9fd}</destination>
		</relationship>
	</object>
	<object class="MixerBusEffectChain" id="{28073d0c-92cb-4417-9769-b1945fb02861}">
		<relationship name="effects">
			<destination>{accadfad-8c4c-4690-a47d-5792c28df4a4}</destination>
			<destination>{414ce572-28f6-4dc5-8048-192812aef296}</destination>
		</relationship>
	</object>
	<object class="MixerBusPanner" id="{989929df-9270-42a3-9df3-781fc3b74fd4}" />
	<object class="MixerBusFader" id="{16c0043d-2b27-4611-ab7f-2d8ccdb2f290}" />
	<object class="RandomizerModulator" id="{8375e540-a5fe-41c7-af5d-fe7b551332b6}">
		<property name="nameOfPropertyBeingModulated">
			<value>startOffset</value>
		</property>
		<property name="amount">
			<value>100</value>
		</property>
	</object>
	<object class="RandomizerModulator" id="{9b8bd04a-e334-4f64-aece-c593d7751752}">
		<property name="nameOfPropertyBeingModulated">
			<value>pitch</value>
		</property>
		<property name="amount">
			<value>3.5</value>
		</property>
	</object>
	<object class="AutopitchModulator" id="{4f176203-e66e-446d-8041-48efc5f2c13a}">
		<property name="nameOfPropertyBeingModulated">
			<value>pitch</value>
		</property>
		<property name="root">
			<value>45</value>
		</property>
		<property name="pitchAtMinimum">
			<value>0.854999959</value>
		</property>
	</object>
	<object class="FadeCurve" id="{faf20e11-c1b6-47b0-b953-ee23ffaaf613}">
		<relationship name="startPoint">
			<destination>{780f96d3-e680-464a-a532-c4419a6b756a}</destination>
		</relationship>
		<relationship name="endPoint">
			<destination>{f5c440d7-5ce4-44a2-b4ab-5561f29bffd1}</destination>
		</relationship>
	</object>
	<object class="FadeCurve" id="{cdd1d765-92f5-4ee7-90f4-952b24f95e1e}">
		<relationship name="startPoint">
			<destination>{66e7e10c-85a0-4834-8c40-90dd7f85cbc5}</destination>
		</relationship>
		<relationship name="endPoint">
			<destination>{6ed75ec7-4266-4ca6-bdb3-d15ec1412cb6}</destination>
		</relationship>
	</object>
	<object class="Automator" id="{ff525450-c119-48d2-a1cc-5a8ea87e13c4}">
		<property name="nameOfPropertyBeingAutomated">
			<value>volume</value>
		</property>
	</object>
	<object class="MixerBusEffectChain" id="{a5b3d85b-6ec0-4536-9196-78adb85bf6e3}">
		<relationship name="effects">
			<destination>{6f8321b8-6c6f-4377-af37-37193e936d8d}</destination>
			<destination>{fe4c76bf-1b86-42d8-a42e-d06efdeb5df1}</destination>
		</relationship>
	</object>
	<object class="MixerBusPanner" id="{10ad88b5-7348-41e0-bf2d-4374c882b235}" />
	<object class="AutopitchModulator" id="{97f155cb-04bc-486f-a33f-a00a3f7dd179}">
		<property name="nameOfPropertyBeingModulated">
			<value>pitch</value>
		</property>
		<property name="root">
			<value>78</value>
		</property>
		<property name="pitchAtMinimum">
			<value>0.125</value>
		</property>
	</object>
	<object class="FadeCurve" id="{44599c7c-0f94-4929-afd6-2ccccc78cc52}">
		<relationship name="startPoint">
			<destination>{decd4caa-d5c7-4050-8d88-6b55e52b9537}</destination>
		</relationship>
		<relationship name="endPoint">
			<destination>{79ebdef0-7c56-4afe-bd83-af0a03c7a360}</destination>
		</relationship>
	</object>
	<object class="MixerBusEffectChain" id="{d893508a-a36a-4875-bafc-2c0d8e99f1df}">
		<relationship name="effects">
			<destination>{1755fb0e-cee8-4cd6-b105-e3cfb521cbf9}</destination>
		</relationship>
	</object>
	<object class="MixerBusPanner" id="{c2164f63-b8f3-4695-88ea-b263d9a0f4e0}" />
	<object class="MixerBusEffectChain" id="{97e2c66b-154a-4a26-a60b-d94f36ba6fed}">
		<relationship name="effects">
			<destination>{30869a70-48d1-4069-80ec-601dfbbb39f8}</destination>
		</relationship>
	</object>
	<object class="MixerBusPanner" id="{719095de-a28f-42f1-90b3-f194b0d59cb8}" />
	<object class="MixerBusFader" id="{accadfad-8c4c-4690-a47d-5792c28df4a4}" />
	<object class="SpatialiserEffect" id="{414ce572-28f6-4dc5-8048-192812aef296}" />
	<object class="AutomationPoint" id="{780f96d3-e680-464a-a532-c4419a6b756a}">
		<property name="position">
			<value>0</value>
		</property>
		<property name="value">
			<value>0</value>
		</property>
		<property name="curveShape">
			<value>-0.237430722</value>
		</property>
	</object>
	<object class="AutomationPoint" id="{f5c440d7-5ce4-44a2-b4ab-5561f29bffd1}">
		<property name="position">
			<value>1</value>
		</property>
		<property name="value">
			<value>1</value>
		</property>
	</object>
	<object class="AutomationPoint" id="{66e7e10c-85a0-4834-8c40-90dd7f85cbc5}">
		<property name="position">
			<value>14</value>
		</property>
		<property name="value">
			<value>1</value>
		</property>
		<property name="curveShape">
			<value>0.255991518</value>
		</property>
		<property name="isSCurve">
			<value>true</value>
		</property>
	</object>
	<object class="AutomationPoint" id="{6ed75ec7-4266-4ca6-bdb3-d15ec1412cb6}">
		<property name="position">
			<value>100</value>
		</property>
		<property name="value">
			<value>0</value>
		</property>
	</object>
	<object class="MixerBusFader" id="{6f8321b8-6c6f-4377-af37-37193e936d8d}" />
	<object class="ThreeEQEffect" id="{fe4c76bf-1b86-42d8-a42e-d06efdeb5df1}">
		<property name="crossoverSlope">
			<value>2</value>
		</property>
	</object>
	<object class="AutomationPoint" id="{decd4caa-d5c7-4050-8d88-6b55e52b9537}">
		<property name="position">
			<value>20</value>
		</property>
		<property name="value">
			<value>0</value>
		</property>
		<property name="curveShape">
			<value>0.202966094</value>
		</property>
	</object>
	<object class="AutomationPoint" id="{79ebdef0-7c56-4afe-bd83-af0a03c7a360}">
		<property name="position">
			<value>98</value>
		</property>
		<property name="value">
			<value>1</value>
		</property>
	</object>
	<object class="MixerBusFader" id="{1755fb0e-cee8-4cd6-b105-e3cfb521cbf9}" />
	<object class="MixerBusFader" id="{30869a70-48d1-4069-80ec-601dfbbb39f8}" />
</objects>
