<?xml version="1.0" encoding="UTF-8"?>
<objects serializationModel="Studio.02.01.00">
	<object class="Event" id="{b89d5c72-b5f6-440e-9d81-f510a823fb7c}">
		<property name="name">
			<value>CarImpact</value>
		</property>
		<property name="outputFormat">
			<value>2</value>
		</property>
		<relationship name="folder">
			<destination>{be03d365-8edb-4d15-b76b-ec8c4120befe}</destination>
		</relationship>
		<relationship name="mixer">
			<destination>{51deb739-b752-490b-bbf5-7d8c5777b90d}</destination>
		</relationship>
		<relationship name="masterTrack">
			<destination>{90d1f626-b1b8-47c9-8342-96f01e29599e}</destination>
		</relationship>
		<relationship name="mixerInput">
			<destination>{98161904-209a-4bcc-89bb-3205c6a65479}</destination>
		</relationship>
		<relationship name="automatableProperties">
			<destination>{b318feb0-52f4-43a2-a525-351981a18599}</destination>
		</relationship>
		<relationship name="markerTracks">
			<destination>{4d0001f9-96cc-46e8-a70b-3fca9bcbad60}</destination>
		</relationship>
		<relationship name="groupTracks">
			<destination>{ba433cb5-477b-4f69-b08b-2a7c08f29a00}</destination>
			<destination>{070a88cf-f200-4dd1-8a9c-668393b3e235}</destination>
			<destination>{feabeca2-d0a2-4d54-afd2-a47efa3a797a}</destination>
			<destination>{24b9cfd5-0044-4aec-8913-70d420a02fed}</destination>
			<destination>{0fe153f7-099d-45d7-bc60-1019d9425031}</destination>
		</relationship>
		<relationship name="timeline">
			<destination>{3f81f086-a6db-4396-b49b-1a785e993f9f}</destination>
		</relationship>
		<relationship name="parameters">
			<destination>{3c976614-1038-4b2d-866b-4c03e7095da0}</destination>
			<destination>{d68a4b87-0a4b-4efe-9b4d-975dcd3b3b07}</destination>
		</relationship>
		<relationship name="banks">
			<destination>{b30aa0fe-6696-43df-a942-633efb3d6158}</destination>
		</relationship>
	</object>
	<object class="EventMixer" id="{51deb739-b752-490b-bbf5-7d8c5777b90d}">
		<relationship name="masterBus">
			<destination>{9315e0b2-14d4-4a36-b4bc-9676180bcf68}</destination>
		</relationship>
	</object>
	<object class="MasterTrack" id="{90d1f626-b1b8-47c9-8342-96f01e29599e}">
		<relationship name="modules">
			<destination>{c290d59a-2111-4374-9c54-6eac3af23688}</destination>
		</relationship>
		<relationship name="mixerGroup">
			<destination>{9315e0b2-14d4-4a36-b4bc-9676180bcf68}</destination>
		</relationship>
	</object>
	<object class="MixerInput" id="{98161904-209a-4bcc-89bb-3205c6a65479}">
		<relationship name="effectChain">
			<destination>{58856a1c-8fc2-4151-a0d1-3c887fb4ca05}</destination>
		</relationship>
		<relationship name="panner">
			<destination>{a9f5ff05-8bff-479d-9050-5252d803a253}</destination>
		</relationship>
		<relationship name="output">
			<destination>{afc02376-6698-4c26-a1a8-d67b0d9617e7}</destination>
		</relationship>
	</object>
	<object class="EventAutomatableProperties" id="{b318feb0-52f4-43a2-a525-351981a18599}" />
	<object class="MarkerTrack" id="{4d0001f9-96cc-46e8-a70b-3fca9bcbad60}" />
	<object class="GroupTrack" id="{ba433cb5-477b-4f69-b08b-2a7c08f29a00}">
		<relationship name="modules">
			<destination>{318cbeee-da1e-4b58-b6f1-0ba95396a93b}</destination>
			<destination>{d48e6777-82cd-42a5-87f6-0218a3cc7364}</destination>
			<destination>{6dc16a56-1fe4-4c3a-a369-0f1a0484236a}</destination>
			<destination>{574f3017-2f90-4730-bc8c-9ed44ceee4a4}</destination>
		</relationship>
		<relationship name="mixerGroup">
			<destination>{84669325-c413-473f-abcb-8719465c62f0}</destination>
		</relationship>
	</object>
	<object class="GroupTrack" id="{070a88cf-f200-4dd1-8a9c-668393b3e235}">
		<relationship name="modules">
			<destination>{19fe4385-95e9-4b24-9f32-70b7a355a809}</destination>
			<destination>{cb9f1bda-f963-4f2d-ab08-2cae25ea6e75}</destination>
			<destination>{85c7c6cb-50d2-4121-b1de-68a8ba1d297c}</destination>
			<destination>{93755ef9-8b48-4f93-8490-8dd0bf580294}</destination>
		</relationship>
		<relationship name="mixerGroup">
			<destination>{8cd5befb-e2be-474f-a9ac-fb8174af9fe1}</destination>
		</relationship>
	</object>
	<object class="GroupTrack" id="{feabeca2-d0a2-4d54-afd2-a47efa3a797a}">
		<relationship name="modules">
			<destination>{1544b200-1000-4fee-b9b8-f0521402a0fb}</destination>
			<destination>{a002ef6d-a5f1-45ee-ae95-4ad254d89178}</destination>
			<destination>{3906946c-e4b1-4409-877f-fb8c05185cb7}</destination>
			<destination>{b41b25b1-90ad-4878-a951-05987ddd03b0}</destination>
		</relationship>
		<relationship name="mixerGroup">
			<destination>{f46de3f6-0480-440e-80ff-ef5a62206dcd}</destination>
		</relationship>
	</object>
	<object class="GroupTrack" id="{24b9cfd5-0044-4aec-8913-70d420a02fed}">
		<relationship name="modules">
			<destination>{56ce149e-af86-4783-bab9-aa4755c8f707}</destination>
		</relationship>
		<relationship name="mixerGroup">
			<destination>{06367881-7c24-4aa0-886c-e1965dafc39c}</destination>
		</relationship>
	</object>
	<object class="GroupTrack" id="{0fe153f7-099d-45d7-bc60-1019d9425031}">
		<relationship name="modules">
			<destination>{66e1d731-4e64-4e7a-b1e9-a00a2027c0e9}</destination>
		</relationship>
		<relationship name="mixerGroup">
			<destination>{7b47bdce-7886-40cf-8dcc-1f1ba01a8d27}</destination>
		</relationship>
	</object>
	<object class="Timeline" id="{3f81f086-a6db-4396-b49b-1a785e993f9f}">
		<property name="isProxyEnabled">
			<value>false</value>
		</property>
	</object>
	<object class="ActionSheet" id="{3c976614-1038-4b2d-866b-4c03e7095da0}">
		<relationship name="modules">
			<destination>{c290d59a-2111-4374-9c54-6eac3af23688}</destination>
		</relationship>
	</object>
	<object class="ParameterProxy" id="{d68a4b87-0a4b-4efe-9b4d-975dcd3b3b07}">
		<relationship name="modules">
			<destination>{574f3017-2f90-4730-bc8c-9ed44ceee4a4}</destination>
			<destination>{318cbeee-da1e-4b58-b6f1-0ba95396a93b}</destination>
			<destination>{6dc16a56-1fe4-4c3a-a369-0f1a0484236a}</destination>
			<destination>{d48e6777-82cd-42a5-87f6-0218a3cc7364}</destination>
			<destination>{19fe4385-95e9-4b24-9f32-70b7a355a809}</destination>
			<destination>{cb9f1bda-f963-4f2d-ab08-2cae25ea6e75}</destination>
			<destination>{85c7c6cb-50d2-4121-b1de-68a8ba1d297c}</destination>
			<destination>{93755ef9-8b48-4f93-8490-8dd0bf580294}</destination>
			<destination>{1544b200-1000-4fee-b9b8-f0521402a0fb}</destination>
			<destination>{a002ef6d-a5f1-45ee-ae95-4ad254d89178}</destination>
			<destination>{3906946c-e4b1-4409-877f-fb8c05185cb7}</destination>
			<destination>{56ce149e-af86-4783-bab9-aa4755c8f707}</destination>
			<destination>{66e1d731-4e64-4e7a-b1e9-a00a2027c0e9}</destination>
			<destination>{b41b25b1-90ad-4878-a951-05987ddd03b0}</destination>
		</relationship>
		<relationship name="preset">
			<destination>{036bab84-4e6a-4f86-b2cd-4a76b0868a61}</destination>
		</relationship>
	</object>
	<object class="EventMixerMaster" id="{9315e0b2-14d4-4a36-b4bc-9676180bcf68}">
		<relationship name="effectChain">
			<destination>{19e655cd-7982-4a9f-94e2-c2015514b2a2}</destination>
		</relationship>
		<relationship name="panner">
			<destination>{2080a296-eb14-4376-8e68-a62e4e428d8c}</destination>
		</relationship>
		<relationship name="mixer">
			<destination>{51deb739-b752-490b-bbf5-7d8c5777b90d}</destination>
		</relationship>
	</object>
	<object class="MultiSound" id="{c290d59a-2111-4374-9c54-6eac3af23688}" />
	<object class="MixerBusEffectChain" id="{58856a1c-8fc2-4151-a0d1-3c887fb4ca05}">
		<relationship name="effects">
			<destination>{388bef2d-bfba-48d4-a506-e2500924e9d9}</destination>
		</relationship>
	</object>
	<object class="MixerBusPanner" id="{a9f5ff05-8bff-479d-9050-5252d803a253}" />
	<object class="MultiSound" id="{318cbeee-da1e-4b58-b6f1-0ba95396a93b}">
		<property name="start">
			<value>3</value>
		</property>
		<relationship name="sounds">
			<destination>{4cbfd291-0bc5-4f0a-b93a-166036df1fd8}</destination>
			<destination>{bbf6c178-0022-4eca-9357-1be775951561}</destination>
			<destination>{0619be64-7958-44f5-822f-80406b4b35af}</destination>
			<destination>{9b7a3ef8-4b87-48d9-a23c-5fac52d2e02e}</destination>
		</relationship>
	</object>
	<object class="MultiSound" id="{d48e6777-82cd-42a5-87f6-0218a3cc7364}">
		<property name="start">
			<value>2</value>
		</property>
		<property name="pitch">
			<value>-2.4000001</value>
		</property>
		<relationship name="sounds">
			<destination>{57a32e7d-8055-4fbd-9f4f-3460e552eb2e}</destination>
			<destination>{78326df8-ecb0-42b5-9c8f-2a083e6117ba}</destination>
			<destination>{e071ccf5-2f2a-47f9-8b6c-5e523a3089bb}</destination>
			<destination>{dabbeebe-5882-4b7c-8315-3ea2d3607835}</destination>
			<destination>{3fd76604-d9eb-4593-a9ed-705bb018d04a}</destination>
		</relationship>
	</object>
	<object class="MultiSound" id="{6dc16a56-1fe4-4c3a-a369-0f1a0484236a}">
		<relationship name="sounds">
			<destination>{16598649-2760-4b11-8a9e-887cde13771d}</destination>
			<destination>{098a18e3-776b-4dfd-8e73-6889b6b62ddd}</destination>
			<destination>{b9938844-363e-4be7-be7d-ef809ebad6aa}</destination>
			<destination>{a52dd043-b63e-451e-b674-1edb65a11889}</destination>
		</relationship>
	</object>
	<object class="MultiSound" id="{574f3017-2f90-4730-bc8c-9ed44ceee4a4}">
		<property name="start">
			<value>1</value>
		</property>
		<relationship name="sounds">
			<destination>{caba0444-ef13-4cfe-b5c1-01934fd74866}</destination>
			<destination>{d34822e1-7f09-4431-85b5-c859fc27e08b}</destination>
			<destination>{0b86a6d5-493a-4ba3-97d8-78ec5aaaa41b}</destination>
			<destination>{59f43c29-3d5c-47b7-83ed-535c0477efef}</destination>
			<destination>{c8563325-0aeb-4f15-b4d2-d41c072fb943}</destination>
		</relationship>
	</object>
	<object class="EventMixerGroup" id="{84669325-c413-473f-abcb-8719465c62f0}">
		<property name="volume">
			<value>-3.5</value>
		</property>
		<property name="name">
			<value>Audio 1</value>
		</property>
		<relationship name="effectChain">
			<destination>{ae604911-0807-4930-a25a-aa1ce79576f7}</destination>
		</relationship>
		<relationship name="panner">
			<destination>{e94ddc7e-8aef-45ff-9534-3701cc7dca94}</destination>
		</relationship>
		<relationship name="output">
			<destination>{9315e0b2-14d4-4a36-b4bc-9676180bcf68}</destination>
		</relationship>
	</object>
	<object class="SingleSound" id="{19fe4385-95e9-4b24-9f32-70b7a355a809}">
		<property name="volume">
			<value>-26</value>
		</property>
		<relationship name="modulators">
			<destination>{bd3498da-4e7c-410f-97b2-eaa6d86a2166}</destination>
			<destination>{56df8ec2-46e0-4f4d-ace8-c6c6c401f697}</destination>
		</relationship>
		<relationship name="audioFile">
			<destination>{7c8bedfe-44f9-4844-8ae1-78efd636d855}</destination>
		</relationship>
	</object>
	<object class="SingleSound" id="{cb9f1bda-f963-4f2d-ab08-2cae25ea6e75}">
		<property name="start">
			<value>1</value>
		</property>
		<property name="volume">
			<value>-26</value>
		</property>
		<relationship name="modulators">
			<destination>{c4ff92d5-fe22-49d2-a603-72c1db7223b3}</destination>
			<destination>{10503079-4155-4fed-9929-80738ee528ba}</destination>
		</relationship>
		<relationship name="audioFile">
			<destination>{7c8bedfe-44f9-4844-8ae1-78efd636d855}</destination>
		</relationship>
	</object>
	<object class="SingleSound" id="{85c7c6cb-50d2-4121-b1de-68a8ba1d297c}">
		<property name="start">
			<value>2</value>
		</property>
		<property name="volume">
			<value>-26</value>
		</property>
		<relationship name="modulators">
			<destination>{5f90a405-9a29-4ba1-9131-4cd1899af247}</destination>
			<destination>{84e5f414-79c9-4a79-8919-3a7068ba25b7}</destination>
		</relationship>
		<relationship name="audioFile">
			<destination>{7c8bedfe-44f9-4844-8ae1-78efd636d855}</destination>
		</relationship>
	</object>
	<object class="SingleSound" id="{93755ef9-8b48-4f93-8490-8dd0bf580294}">
		<property name="start">
			<value>3</value>
		</property>
		<property name="volume">
			<value>-26</value>
		</property>
		<relationship name="modulators">
			<destination>{fbd6f9d5-d4a0-4382-82e9-1ac76780f6c5}</destination>
			<destination>{e44405eb-22bc-48b5-8633-1eb8919d50e3}</destination>
		</relationship>
		<relationship name="audioFile">
			<destination>{7c8bedfe-44f9-4844-8ae1-78efd636d855}</destination>
		</relationship>
	</object>
	<object class="EventMixerGroup" id="{8cd5befb-e2be-474f-a9ac-fb8174af9fe1}">
		<property name="name">
			<value>Audio 3</value>
		</property>
		<relationship name="effectChain">
			<destination>{bc530d68-5869-498e-b73a-a381195516ee}</destination>
		</relationship>
		<relationship name="panner">
			<destination>{f4238c31-bdbc-4c64-afb0-25abc5a4d682}</destination>
		</relationship>
		<relationship name="output">
			<destination>{9315e0b2-14d4-4a36-b4bc-9676180bcf68}</destination>
		</relationship>
	</object>
	<object class="MultiSound" id="{1544b200-1000-4fee-b9b8-f0521402a0fb}">
		<property name="volume">
			<value>4</value>
		</property>
		<property name="pitch">
			<value>-0.5</value>
		</property>
		<relationship name="sounds">
			<destination>{7bbd24b8-e7a9-4c7f-8778-313d9e6de438}</destination>
			<destination>{51f03760-ebf9-4260-9133-fc77f1e5a554}</destination>
			<destination>{9dde9c36-35d5-4bbf-b4f1-4b2563652a3b}</destination>
			<destination>{13024f13-91ac-4525-8d1c-7b7b1051ec76}</destination>
			<destination>{b37e49d1-023a-42d9-a9ea-9550d4421299}</destination>
		</relationship>
	</object>
	<object class="MultiSound" id="{a002ef6d-a5f1-45ee-ae95-4ad254d89178}">
		<property name="start">
			<value>3</value>
		</property>
		<property name="volume">
			<value>8.5</value>
		</property>
		<property name="pitch">
			<value>17.5</value>
		</property>
		<relationship name="modulators">
			<destination>{a33c9db6-d589-4026-960b-39cbe638f5be}</destination>
		</relationship>
		<relationship name="sounds">
			<destination>{628ec396-1caf-4502-bf62-18708d8f2656}</destination>
			<destination>{e588c213-c3b8-49d7-83cb-ad86db230aef}</destination>
			<destination>{8e42aed5-a03d-49b3-b5db-557e51c34eb2}</destination>
		</relationship>
	</object>
	<object class="MultiSound" id="{3906946c-e4b1-4409-877f-fb8c05185cb7}">
		<property name="start">
			<value>1</value>
		</property>
		<property name="volume">
			<value>7</value>
		</property>
		<property name="pitch">
			<value>1.39999998</value>
		</property>
		<relationship name="sounds">
			<destination>{fab3fd0e-501c-4ddc-bf64-a4d2acc6d63b}</destination>
			<destination>{884a61bc-0112-4d25-b8bf-84c35a6e28f1}</destination>
			<destination>{a7f1ebdf-8e4f-4368-91d7-6eec13338f76}</destination>
			<destination>{1af49ea4-0b23-4124-a87c-e99abe037567}</destination>
			<destination>{5b8725c9-806c-4546-8e6e-01c5df64e0bd}</destination>
			<destination>{12b814c8-2c80-44c6-ac62-f391418dc475}</destination>
		</relationship>
	</object>
	<object class="MultiSound" id="{b41b25b1-90ad-4878-a951-05987ddd03b0}">
		<property name="start">
			<value>2</value>
		</property>
		<property name="volume">
			<value>10</value>
		</property>
		<relationship name="sounds">
			<destination>{474fb3f7-5879-4941-a4ad-31f621c7550d}</destination>
			<destination>{c875ec44-6159-480e-b3fe-5b4c0e2988a8}</destination>
			<destination>{bda3bca6-168d-4802-8ad8-c753dcf1366d}</destination>
			<destination>{f39227a7-416d-49eb-89e1-4db74208ee91}</destination>
			<destination>{03e1d9fc-5ac3-4f4a-9735-455a01e70992}</destination>
			<destination>{0407a258-2570-45f2-85d2-90244912596e}</destination>
			<destination>{67350cfd-e381-4be8-9fea-128b3f638740}</destination>
		</relationship>
	</object>
	<object class="EventMixerGroup" id="{f46de3f6-0480-440e-80ff-ef5a62206dcd}">
		<property name="name">
			<value>Audio 4</value>
		</property>
		<relationship name="effectChain">
			<destination>{eaf15d3d-4fb4-4950-834c-29d3b4847617}</destination>
		</relationship>
		<relationship name="panner">
			<destination>{371ca350-afe5-4dfa-86c4-9d9ce9a4b803}</destination>
		</relationship>
		<relationship name="output">
			<destination>{9315e0b2-14d4-4a36-b4bc-9676180bcf68}</destination>
		</relationship>
	</object>
	<object class="MultiSound" id="{56ce149e-af86-4783-bab9-aa4755c8f707}">
		<property name="start">
			<value>3</value>
		</property>
		<property name="volume">
			<value>8</value>
		</property>
		<property name="pitch">
			<value>3.60000014</value>
		</property>
		<relationship name="sounds">
			<destination>{89698971-af67-442b-9f90-ed3646df0f75}</destination>
			<destination>{dd92c90d-09dc-44fb-af13-dc2962d61500}</destination>
			<destination>{ab7c1751-939c-4c89-85c7-fb3c28320b08}</destination>
			<destination>{06f39832-6631-4796-b157-fbc6bcb97857}</destination>
			<destination>{5f5faffe-b539-4361-a683-7edecc3e3f9e}</destination>
			<destination>{c67609d2-8ad3-4961-a89d-84202e95931c}</destination>
			<destination>{adf062fc-f6ef-4595-a0c4-95881406e883}</destination>
			<destination>{d57f52f6-5c77-41d1-abff-5379b8f8274a}</destination>
			<destination>{f24db6d6-d344-47e4-b32b-b4476eba4e12}</destination>
			<destination>{4e0bb586-15f7-4a88-b9a7-c33f653f99d5}</destination>
			<destination>{9d9cfa5d-0e3f-47ae-9008-d28b700b46f0}</destination>
		</relationship>
	</object>
	<object class="EventMixerGroup" id="{06367881-7c24-4aa0-886c-e1965dafc39c}">
		<property name="name">
			<value>Audio 5</value>
		</property>
		<relationship name="effectChain">
			<destination>{d04169e7-15dd-413c-8371-aaad165f64bd}</destination>
		</relationship>
		<relationship name="panner">
			<destination>{2fab8567-a24a-4d49-a464-b21302e5d76b}</destination>
		</relationship>
		<relationship name="output">
			<destination>{9315e0b2-14d4-4a36-b4bc-9676180bcf68}</destination>
		</relationship>
	</object>
	<object class="MultiSound" id="{66e1d731-4e64-4e7a-b1e9-a00a2027c0e9}">
		<property name="start">
			<value>3</value>
		</property>
		<property name="volume">
			<value>-6.5</value>
		</property>
		<relationship name="sounds">
			<destination>{65b9c192-874e-4b55-8197-178b488dd9aa}</destination>
			<destination>{c0411566-cacc-4f53-b5fe-34a4eabe55b7}</destination>
			<destination>{8b9348d1-bfc8-4eb0-a582-7b60a9596566}</destination>
			<destination>{f95a83c2-8246-4af9-9cc1-5852023e4101}</destination>
			<destination>{f5e66470-1bad-45fe-841b-19536b48db84}</destination>
		</relationship>
	</object>
	<object class="EventMixerGroup" id="{7b47bdce-7886-40cf-8dcc-1f1ba01a8d27}">
		<property name="volume">
			<value>10</value>
		</property>
		<property name="name">
			<value>Audio 6</value>
		</property>
		<relationship name="effectChain">
			<destination>{93e06bd4-597d-4b37-af0f-e99df1569974}</destination>
		</relationship>
		<relationship name="panner">
			<destination>{ab64613b-1ad0-4825-bf67-08dcdc0fa584}</destination>
		</relationship>
		<relationship name="output">
			<destination>{9315e0b2-14d4-4a36-b4bc-9676180bcf68}</destination>
		</relationship>
	</object>
	<object class="MixerBusEffectChain" id="{19e655cd-7982-4a9f-94e2-c2015514b2a2}">
		<relationship name="effects">
			<destination>{c61ac1bd-1b37-40f0-a387-2ae111a28fe1}</destination>
			<destination>{5c36cb20-5bfd-49b0-a518-e428e38f07fc}</destination>
			<destination>{0b30e8b9-ae4c-4506-83b1-58bf10a47d8d}</destination>
			<destination>{b490fbb2-559c-4925-b3c0-ecf6fecfff9b}</destination>
		</relationship>
	</object>
	<object class="MixerBusPanner" id="{2080a296-eb14-4376-8e68-a62e4e428d8c}" />
	<object class="MixerBusFader" id="{388bef2d-bfba-48d4-a506-e2500924e9d9}" />
	<object class="SingleSound" id="{4cbfd291-0bc5-4f0a-b93a-166036df1fd8}">
		<relationship name="audioFile">
			<destination>{2aca9432-c3ab-4aaa-b897-b42b66052490}</destination>
		</relationship>
	</object>
	<object class="SingleSound" id="{bbf6c178-0022-4eca-9357-1be775951561}">
		<property name="volume">
			<value>-11</value>
		</property>
		<property name="pitch">
			<value>-0.699999988</value>
		</property>
		<relationship name="audioFile">
			<destination>{014d7e57-16d7-4972-8660-fa1a79f14269}</destination>
		</relationship>
	</object>
	<object class="SingleSound" id="{0619be64-7958-44f5-822f-80406b4b35af}">
		<relationship name="audioFile">
			<destination>{0a480523-a851-45c1-ac74-af96b906954a}</destination>
		</relationship>
	</object>
	<object class="SingleSound" id="{9b7a3ef8-4b87-48d9-a23c-5fac52d2e02e}">
		<relationship name="audioFile">
			<destination>{4a29d242-6a28-40cb-a73a-8002d44c76e3}</destination>
		</relationship>
	</object>
	<object class="SingleSound" id="{57a32e7d-8055-4fbd-9f4f-3460e552eb2e}">
		<relationship name="audioFile">
			<destination>{4a29d242-6a28-40cb-a73a-8002d44c76e3}</destination>
		</relationship>
	</object>
	<object class="SingleSound" id="{78326df8-ecb0-42b5-9c8f-2a083e6117ba}">
		<relationship name="audioFile">
			<destination>{e562f66e-3a18-4990-9ff9-5e34add739b7}</destination>
		</relationship>
	</object>
	<object class="SingleSound" id="{e071ccf5-2f2a-47f9-8b6c-5e523a3089bb}">
		<relationship name="audioFile">
			<destination>{b7c629e5-4984-46ec-9480-8018fa75341f}</destination>
		</relationship>
	</object>
	<object class="SingleSound" id="{dabbeebe-5882-4b7c-8315-3ea2d3607835}">
		<relationship name="audioFile">
			<destination>{99fc538a-8586-401b-8024-55db06cb0029}</destination>
		</relationship>
	</object>
	<object class="SingleSound" id="{3fd76604-d9eb-4593-a9ed-705bb018d04a}">
		<relationship name="audioFile">
			<destination>{990e6e14-3d16-4044-83ed-b8b9b66d7358}</destination>
		</relationship>
	</object>
	<object class="SingleSound" id="{16598649-2760-4b11-8a9e-887cde13771d}">
		<relationship name="audioFile">
			<destination>{e4e88628-7107-405a-bb3c-87954f7bb976}</destination>
		</relationship>
	</object>
	<object class="SingleSound" id="{098a18e3-776b-4dfd-8e73-6889b6b62ddd}">
		<relationship name="audioFile">
			<destination>{99fc538a-8586-401b-8024-55db06cb0029}</destination>
		</relationship>
	</object>
	<object class="SingleSound" id="{b9938844-363e-4be7-be7d-ef809ebad6aa}">
		<relationship name="audioFile">
			<destination>{b7c629e5-4984-46ec-9480-8018fa75341f}</destination>
		</relationship>
	</object>
	<object class="SingleSound" id="{a52dd043-b63e-451e-b674-1edb65a11889}">
		<relationship name="audioFile">
			<destination>{0a480523-a851-45c1-ac74-af96b906954a}</destination>
		</relationship>
	</object>
	<object class="SingleSound" id="{caba0444-ef13-4cfe-b5c1-01934fd74866}">
		<relationship name="audioFile">
			<destination>{e562f66e-3a18-4990-9ff9-5e34add739b7}</destination>
		</relationship>
	</object>
	<object class="SingleSound" id="{d34822e1-7f09-4431-85b5-c859fc27e08b}">
		<relationship name="audioFile">
			<destination>{b7c629e5-4984-46ec-9480-8018fa75341f}</destination>
		</relationship>
	</object>
	<object class="SingleSound" id="{0b86a6d5-493a-4ba3-97d8-78ec5aaaa41b}">
		<relationship name="audioFile">
			<destination>{99fc538a-8586-401b-8024-55db06cb0029}</destination>
		</relationship>
	</object>
	<object class="SingleSound" id="{59f43c29-3d5c-47b7-83ed-535c0477efef}">
		<relationship name="audioFile">
			<destination>{c21e3a25-1146-4fcb-a18c-207a36e624e7}</destination>
		</relationship>
	</object>
	<object class="SingleSound" id="{c8563325-0aeb-4f15-b4d2-d41c072fb943}">
		<relationship name="audioFile">
			<destination>{990e6e14-3d16-4044-83ed-b8b9b66d7358}</destination>
		</relationship>
	</object>
	<object class="MixerBusEffectChain" id="{ae604911-0807-4930-a25a-aa1ce79576f7}">
		<relationship name="effects">
			<destination>{922d342a-40ea-4b39-9156-f6613f506f91}</destination>
		</relationship>
	</object>
	<object class="MixerBusPanner" id="{e94ddc7e-8aef-45ff-9534-3701cc7dca94}" />
	<object class="RandomizerModulator" id="{bd3498da-4e7c-410f-97b2-eaa6d86a2166}">
		<property name="nameOfPropertyBeingModulated">
			<value>startOffset</value>
		</property>
		<property name="amount">
			<value>100</value>
		</property>
	</object>
	<object class="RandomizerModulator" id="{56df8ec2-46e0-4f4d-ace8-c6c6c401f697}">
		<property name="nameOfPropertyBeingModulated">
			<value>pitch</value>
		</property>
		<property name="amount">
			<value>13.5</value>
		</property>
	</object>
	<object class="RandomizerModulator" id="{c4ff92d5-fe22-49d2-a603-72c1db7223b3}">
		<property name="nameOfPropertyBeingModulated">
			<value>startOffset</value>
		</property>
		<property name="amount">
			<value>100</value>
		</property>
	</object>
	<object class="RandomizerModulator" id="{10503079-4155-4fed-9929-80738ee528ba}">
		<property name="nameOfPropertyBeingModulated">
			<value>pitch</value>
		</property>
		<property name="amount">
			<value>13.5</value>
		</property>
	</object>
	<object class="RandomizerModulator" id="{5f90a405-9a29-4ba1-9131-4cd1899af247}">
		<property name="nameOfPropertyBeingModulated">
			<value>startOffset</value>
		</property>
		<property name="amount">
			<value>100</value>
		</property>
	</object>
	<object class="RandomizerModulator" id="{84e5f414-79c9-4a79-8919-3a7068ba25b7}">
		<property name="nameOfPropertyBeingModulated">
			<value>pitch</value>
		</property>
		<property name="amount">
			<value>13.5</value>
		</property>
	</object>
	<object class="RandomizerModulator" id="{fbd6f9d5-d4a0-4382-82e9-1ac76780f6c5}">
		<property name="nameOfPropertyBeingModulated">
			<value>startOffset</value>
		</property>
		<property name="amount">
			<value>100</value>
		</property>
	</object>
	<object class="RandomizerModulator" id="{e44405eb-22bc-48b5-8633-1eb8919d50e3}">
		<property name="nameOfPropertyBeingModulated">
			<value>pitch</value>
		</property>
		<property name="amount">
			<value>13.5</value>
		</property>
	</object>
	<object class="MixerBusEffectChain" id="{bc530d68-5869-498e-b73a-a381195516ee}">
		<relationship name="effects">
			<destination>{2d9967c5-72b1-44be-8021-86d632df6f94}</destination>
		</relationship>
	</object>
	<object class="MixerBusPanner" id="{f4238c31-bdbc-4c64-afb0-25abc5a4d682}" />
	<object class="SingleSound" id="{7bbd24b8-e7a9-4c7f-8778-313d9e6de438}">
		<property name="volume">
			<value>7</value>
		</property>
		<relationship name="audioFile">
			<destination>{60bfecb8-8cb1-44d0-8d00-7c5a5c91d015}</destination>
		</relationship>
	</object>
	<object class="SingleSound" id="{51f03760-ebf9-4260-9133-fc77f1e5a554}">
		<property name="volume">
			<value>10</value>
		</property>
		<relationship name="audioFile">
			<destination>{fac96bb3-9a71-404e-b2c5-836d75e2e01b}</destination>
		</relationship>
	</object>
	<object class="SingleSound" id="{9dde9c36-35d5-4bbf-b4f1-4b2563652a3b}">
		<property name="volume">
			<value>10</value>
		</property>
		<relationship name="audioFile">
			<destination>{cce4615e-0f9c-4eb8-a20f-89f5fdf2cd32}</destination>
		</relationship>
	</object>
	<object class="SingleSound" id="{13024f13-91ac-4525-8d1c-7b7b1051ec76}">
		<property name="volume">
			<value>10</value>
		</property>
		<relationship name="audioFile">
			<destination>{105f0066-aa0f-4a4a-881f-c202fac2daad}</destination>
		</relationship>
	</object>
	<object class="SingleSound" id="{b37e49d1-023a-42d9-a9ea-9550d4421299}">
		<property name="volume">
			<value>10</value>
		</property>
		<relationship name="audioFile">
			<destination>{c408e3c5-9a7b-4ddb-9d16-9db3b58338b8}</destination>
		</relationship>
	</object>
	<object class="RandomizerModulator" id="{a33c9db6-d589-4026-960b-39cbe638f5be}">
		<property name="nameOfPropertyBeingModulated">
			<value>startOffset</value>
		</property>
		<property name="amount">
			<value>16</value>
		</property>
	</object>
	<object class="SingleSound" id="{628ec396-1caf-4502-bf62-18708d8f2656}">
		<property name="pitch">
			<value>15</value>
		</property>
		<relationship name="audioFile">
			<destination>{0777d808-d6e6-46ca-a494-cb1e3ecb10c7}</destination>
		</relationship>
	</object>
	<object class="SingleSound" id="{e588c213-c3b8-49d7-83cb-ad86db230aef}">
		<property name="pitch">
			<value>12</value>
		</property>
		<relationship name="audioFile">
			<destination>{694502ea-fdeb-4b72-bd7e-668688ae470e}</destination>
		</relationship>
	</object>
	<object class="SingleSound" id="{8e42aed5-a03d-49b3-b5db-557e51c34eb2}">
		<property name="pitch">
			<value>16.5</value>
		</property>
		<relationship name="audioFile">
			<destination>{4f9577bd-a62c-4937-ae76-e4413c660bbe}</destination>
		</relationship>
	</object>
	<object class="SingleSound" id="{fab3fd0e-501c-4ddc-bf64-a4d2acc6d63b}">
		<relationship name="audioFile">
			<destination>{ad1ce949-115e-491c-b56c-516317a4c898}</destination>
		</relationship>
	</object>
	<object class="SingleSound" id="{884a61bc-0112-4d25-b8bf-84c35a6e28f1}">
		<relationship name="audioFile">
			<destination>{f9dcce3d-c128-49fa-b13e-f5aab56937fe}</destination>
		</relationship>
	</object>
	<object class="SingleSound" id="{a7f1ebdf-8e4f-4368-91d7-6eec13338f76}">
		<relationship name="audioFile">
			<destination>{b3ba9574-dc44-4ff6-82fc-025e303aa569}</destination>
		</relationship>
	</object>
	<object class="SingleSound" id="{1af49ea4-0b23-4124-a87c-e99abe037567}">
		<relationship name="audioFile">
			<destination>{c572b70c-f329-46be-bd83-d7be33d995ee}</destination>
		</relationship>
	</object>
	<object class="SingleSound" id="{5b8725c9-806c-4546-8e6e-01c5df64e0bd}">
		<relationship name="audioFile">
			<destination>{9a41b7d8-9489-499e-9615-c192e1668c5c}</destination>
		</relationship>
	</object>
	<object class="SingleSound" id="{12b814c8-2c80-44c6-ac62-f391418dc475}">
		<relationship name="audioFile">
			<destination>{bac6df4c-8303-401f-9dd3-61869b44a91a}</destination>
		</relationship>
	</object>
	<object class="SingleSound" id="{474fb3f7-5879-4941-a4ad-31f621c7550d}">
		<relationship name="audioFile">
			<destination>{68b7ab41-ff2d-41eb-bef4-af569a3281ba}</destination>
		</relationship>
	</object>
	<object class="SingleSound" id="{c875ec44-6159-480e-b3fe-5b4c0e2988a8}">
		<relationship name="audioFile">
			<destination>{a3091d75-959d-45d6-b148-336bfa81fd99}</destination>
		</relationship>
	</object>
	<object class="SingleSound" id="{bda3bca6-168d-4802-8ad8-c753dcf1366d}">
		<relationship name="audioFile">
			<destination>{d81681d4-3722-46a1-9e4a-5af51f0d7973}</destination>
		</relationship>
	</object>
	<object class="SingleSound" id="{f39227a7-416d-49eb-89e1-4db74208ee91}">
		<relationship name="audioFile">
			<destination>{3a0188af-c0b7-4b8c-a530-02eb427201d8}</destination>
		</relationship>
	</object>
	<object class="SingleSound" id="{03e1d9fc-5ac3-4f4a-9735-455a01e70992}">
		<relationship name="audioFile">
			<destination>{3f95abac-58c8-4881-880b-a3a3633af821}</destination>
		</relationship>
	</object>
	<object class="SingleSound" id="{0407a258-2570-45f2-85d2-90244912596e}">
		<relationship name="audioFile">
			<destination>{0190c248-8e19-4c0b-a3c7-fd29dc53c05e}</destination>
		</relationship>
	</object>
	<object class="SingleSound" id="{67350cfd-e381-4be8-9fea-128b3f638740}">
		<relationship name="audioFile">
			<destination>{a78b5cfb-ec10-4c37-880e-af01dfb25eb6}</destination>
		</relationship>
	</object>
	<object class="MixerBusEffectChain" id="{eaf15d3d-4fb4-4950-834c-29d3b4847617}">
		<relationship name="effects">
			<destination>{9a5998c9-dd9c-45a4-8c5b-75130eaadeb6}</destination>
		</relationship>
	</object>
	<object class="MixerBusPanner" id="{371ca350-afe5-4dfa-86c4-9d9ce9a4b803}" />
	<object class="SingleSound" id="{89698971-af67-442b-9f90-ed3646df0f75}">
		<relationship name="audioFile">
			<destination>{3c297e02-5d16-490f-969f-25f4515e30f5}</destination>
		</relationship>
	</object>
	<object class="SingleSound" id="{dd92c90d-09dc-44fb-af13-dc2962d61500}">
		<relationship name="audioFile">
			<destination>{f07c9cbe-0ff6-4954-a08e-389ba3d56310}</destination>
		</relationship>
	</object>
	<object class="SingleSound" id="{ab7c1751-939c-4c89-85c7-fb3c28320b08}">
		<relationship name="audioFile">
			<destination>{a6ea51fc-c828-4c96-9539-79cda445e71c}</destination>
		</relationship>
	</object>
	<object class="SingleSound" id="{06f39832-6631-4796-b157-fbc6bcb97857}">
		<relationship name="audioFile">
			<destination>{b49450fa-b85c-4536-a091-5c3e2e709fd4}</destination>
		</relationship>
	</object>
	<object class="SingleSound" id="{5f5faffe-b539-4361-a683-7edecc3e3f9e}">
		<relationship name="audioFile">
			<destination>{bc97006f-c7a2-4790-8f19-3653c89b9edc}</destination>
		</relationship>
	</object>
	<object class="SingleSound" id="{c67609d2-8ad3-4961-a89d-84202e95931c}">
		<relationship name="audioFile">
			<destination>{6f602b48-7003-4515-9f6f-b123282f4b79}</destination>
		</relationship>
	</object>
	<object class="SingleSound" id="{adf062fc-f6ef-4595-a0c4-95881406e883}">
		<relationship name="audioFile">
			<destination>{5e6d5d3e-46e7-4e74-9c49-93ba7f068679}</destination>
		</relationship>
	</object>
	<object class="SingleSound" id="{d57f52f6-5c77-41d1-abff-5379b8f8274a}">
		<relationship name="audioFile">
			<destination>{9108513b-e46c-4574-9b7c-1d40807b2c56}</destination>
		</relationship>
	</object>
	<object class="SingleSound" id="{f24db6d6-d344-47e4-b32b-b4476eba4e12}">
		<relationship name="audioFile">
			<destination>{23cbb284-2078-4d42-86e1-dec3cb70f4c3}</destination>
		</relationship>
	</object>
	<object class="SingleSound" id="{4e0bb586-15f7-4a88-b9a7-c33f653f99d5}">
		<relationship name="audioFile">
			<destination>{1c461fc3-6d4f-4c51-977b-86c7e5c5070e}</destination>
		</relationship>
	</object>
	<object class="SingleSound" id="{9d9cfa5d-0e3f-47ae-9008-d28b700b46f0}">
		<relationship name="audioFile">
			<destination>{055f4f8e-b927-4505-ad7e-a38d4ba9cf10}</destination>
		</relationship>
	</object>
	<object class="MixerBusEffectChain" id="{d04169e7-15dd-413c-8371-aaad165f64bd}">
		<relationship name="effects">
			<destination>{92e4536e-f972-441c-b068-4890e33ec677}</destination>
		</relationship>
	</object>
	<object class="MixerBusPanner" id="{2fab8567-a24a-4d49-a464-b21302e5d76b}" />
	<object class="SingleSound" id="{65b9c192-874e-4b55-8197-178b488dd9aa}">
		<property name="volume">
			<value>10</value>
		</property>
		<relationship name="audioFile">
			<destination>{5cb7cb5c-69c1-4b31-b258-fbee511b8f40}</destination>
		</relationship>
	</object>
	<object class="SingleSound" id="{c0411566-cacc-4f53-b5fe-34a4eabe55b7}">
		<property name="volume">
			<value>8.5</value>
		</property>
		<relationship name="audioFile">
			<destination>{f9c8785f-c256-4d28-a1c2-9e3c4914c297}</destination>
		</relationship>
	</object>
	<object class="SingleSound" id="{8b9348d1-bfc8-4eb0-a582-7b60a9596566}">
		<property name="volume">
			<value>7</value>
		</property>
		<relationship name="audioFile">
			<destination>{9d4bea41-2467-4e0e-a73c-ab1638cc6079}</destination>
		</relationship>
	</object>
	<object class="SingleSound" id="{f95a83c2-8246-4af9-9cc1-5852023e4101}">
		<property name="volume">
			<value>7.5</value>
		</property>
		<relationship name="audioFile">
			<destination>{ee086ee1-4c3e-4004-a59f-293bc62580c5}</destination>
		</relationship>
	</object>
	<object class="SingleSound" id="{f5e66470-1bad-45fe-841b-19536b48db84}">
		<property name="volume">
			<value>9.5</value>
		</property>
		<relationship name="audioFile">
			<destination>{df745252-60a8-4f49-9a66-a787e49891c8}</destination>
		</relationship>
	</object>
	<object class="MixerBusEffectChain" id="{93e06bd4-597d-4b37-af0f-e99df1569974}">
		<relationship name="effects">
			<destination>{fa825b2c-30dc-4eec-8554-9577dce5c0fa}</destination>
			<destination>{22e87e97-20e7-443c-a0f0-20c59af83a60}</destination>
		</relationship>
	</object>
	<object class="MixerBusPanner" id="{ab64613b-1ad0-4825-bf67-08dcdc0fa584}" />
	<object class="MixerBusFader" id="{c61ac1bd-1b37-40f0-a387-2ae111a28fe1}" />
	<object class="SpatialiserEffect" id="{5c36cb20-5bfd-49b0-a518-e428e38f07fc}" />
	<object class="LimiterEffect" id="{0b30e8b9-ae4c-4506-83b1-58bf10a47d8d}">
		<property name="ceiling">
			<value>-0.400000006</value>
		</property>
	</object>
	<object class="Sidechain" id="{b490fbb2-559c-4925-b3c0-ecf6fecfff9b}" />
	<object class="MixerBusFader" id="{922d342a-40ea-4b39-9156-f6613f506f91}" />
	<object class="MixerBusFader" id="{2d9967c5-72b1-44be-8021-86d632df6f94}" />
	<object class="MixerBusFader" id="{9a5998c9-dd9c-45a4-8c5b-75130eaadeb6}" />
	<object class="MixerBusFader" id="{92e4536e-f972-441c-b068-4890e33ec677}" />
	<object class="MixerBusFader" id="{fa825b2c-30dc-4eec-8554-9577dce5c0fa}" />
	<object class="ThreeEQEffect" id="{22e87e97-20e7-443c-a0f0-20c59af83a60}">
		<property name="highGain">
			<value>10</value>
		</property>
		<property name="highCrossover">
			<value>22000</value>
		</property>
	</object>
</objects>
