<?xml version="1.0" encoding="UTF-8"?>
<objects serializationModel="Studio.02.01.00">
	<object class="Event" id="{d4a954a2-46ba-4ba0-88b4-4f5f57fccf46}">
		<property name="name">
			<value>Drift</value>
		</property>
		<property name="outputFormat">
			<value>2</value>
		</property>
		<relationship name="folder">
			<destination>{be03d365-8edb-4d15-b76b-ec8c4120befe}</destination>
		</relationship>
		<relationship name="mixer">
			<destination>{db42251d-ff45-449c-a505-0cf5d93594b2}</destination>
		</relationship>
		<relationship name="masterTrack">
			<destination>{6ae368f7-90d1-4746-9f2a-7f570657ecc0}</destination>
		</relationship>
		<relationship name="mixerInput">
			<destination>{5be5fe27-8167-4600-a62d-aff1f5db4a7b}</destination>
		</relationship>
		<relationship name="automatableProperties">
			<destination>{0e6e1171-c2b7-411a-9901-6981fb431b11}</destination>
		</relationship>
		<relationship name="markerTracks">
			<destination>{90c30b62-c716-4068-be23-9ee1578b7583}</destination>
		</relationship>
		<relationship name="groupTracks">
			<destination>{34851f10-b0b1-4423-82db-60355e491d3a}</destination>
		</relationship>
		<relationship name="timeline">
			<destination>{b07340bb-6ee0-4414-a59b-f9c75f84f2ed}</destination>
		</relationship>
		<relationship name="parameters">
			<destination>{56b06504-2fca-4177-9e92-d42f360bd377}</destination>
		</relationship>
		<relationship name="banks">
			<destination>{b30aa0fe-6696-43df-a942-633efb3d6158}</destination>
		</relationship>
	</object>
	<object class="EventMixer" id="{db42251d-ff45-449c-a505-0cf5d93594b2}">
		<relationship name="masterBus">
			<destination>{51c9283e-ec47-41a2-930d-13f747c16c27}</destination>
		</relationship>
	</object>
	<object class="MasterTrack" id="{6ae368f7-90d1-4746-9f2a-7f570657ecc0}">
		<relationship name="mixerGroup">
			<destination>{51c9283e-ec47-41a2-930d-13f747c16c27}</destination>
		</relationship>
	</object>
	<object class="MixerInput" id="{5be5fe27-8167-4600-a62d-aff1f5db4a7b}">
		<relationship name="effectChain">
			<destination>{004197ba-bef9-4316-a2e7-bfdb51b48814}</destination>
		</relationship>
		<relationship name="panner">
			<destination>{649eb6ff-2f24-4bdf-a47d-7ad969a8f192}</destination>
		</relationship>
		<relationship name="output">
			<destination>{37bb2356-489f-4dbc-a758-950b80b5d2a0}</destination>
		</relationship>
	</object>
	<object class="EventAutomatableProperties" id="{0e6e1171-c2b7-411a-9901-6981fb431b11}" />
	<object class="MarkerTrack" id="{90c30b62-c716-4068-be23-9ee1578b7583}" />
	<object class="GroupTrack" id="{34851f10-b0b1-4423-82db-60355e491d3a}">
		<relationship name="modules">
			<destination>{c1fde123-6696-4853-a1b9-5d14b4751a7f}</destination>
		</relationship>
		<relationship name="mixerGroup">
			<destination>{671a3fbc-a067-4d8f-be6e-c2029d95d5de}</destination>
		</relationship>
	</object>
	<object class="Timeline" id="{b07340bb-6ee0-4414-a59b-f9c75f84f2ed}">
		<relationship name="markers">
			<destination>{ebfbfe96-2dad-4e81-a24e-7127dbe9a9ea}</destination>
		</relationship>
	</object>
	<object class="ParameterProxy" id="{56b06504-2fca-4177-9e92-d42f360bd377}">
		<relationship name="modules">
			<destination>{c1fde123-6696-4853-a1b9-5d14b4751a7f}</destination>
		</relationship>
		<relationship name="preset">
			<destination>{67a00656-f876-47c5-aabc-ee785613d80d}</destination>
		</relationship>
	</object>
	<object class="EventMixerMaster" id="{51c9283e-ec47-41a2-930d-13f747c16c27}">
		<relationship name="effectChain">
			<destination>{d3ac3b24-4201-4dff-9d95-bb4030a09b49}</destination>
		</relationship>
		<relationship name="panner">
			<destination>{cab12939-90f6-4ee3-8555-6039e94a0878}</destination>
		</relationship>
		<relationship name="mixer">
			<destination>{db42251d-ff45-449c-a505-0cf5d93594b2}</destination>
		</relationship>
	</object>
	<object class="MixerBusEffectChain" id="{004197ba-bef9-4316-a2e7-bfdb51b48814}">
		<relationship name="effects">
			<destination>{ddf1271f-55b9-404c-9819-4b927239db5d}</destination>
		</relationship>
	</object>
	<object class="MixerBusPanner" id="{649eb6ff-2f24-4bdf-a47d-7ad969a8f192}" />
	<object class="EventSound" id="{c1fde123-6696-4853-a1b9-5d14b4751a7f}">
		<property name="start">
			<value>1</value>
		</property>
		<relationship name="parameters">
			<destination>{efb544a0-85b3-4b9e-a327-59a5994c3521}</destination>
		</relationship>
		<relationship name="event">
			<destination>{e1299dfa-0d44-4fcf-80e8-05781d678d80}</destination>
		</relationship>
	</object>
	<object class="EventMixerGroup" id="{671a3fbc-a067-4d8f-be6e-c2029d95d5de}">
		<property name="name">
			<value>Audio 1</value>
		</property>
		<relationship name="effectChain">
			<destination>{8dae5e0e-efc0-46ca-9cc4-d8d9684a8c4f}</destination>
		</relationship>
		<relationship name="panner">
			<destination>{1e9b11c9-f1f8-4a69-9b60-04710e25655a}</destination>
		</relationship>
		<relationship name="output">
			<destination>{51c9283e-ec47-41a2-930d-13f747c16c27}</destination>
		</relationship>
	</object>
	<object class="SustainPoint" id="{ebfbfe96-2dad-4e81-a24e-7127dbe9a9ea}">
		<property name="position">
			<value>1.5</value>
		</property>
		<relationship name="timeline">
			<destination>{b07340bb-6ee0-4414-a59b-f9c75f84f2ed}</destination>
		</relationship>
		<relationship name="markerTrack">
			<destination>{90c30b62-c716-4068-be23-9ee1578b7583}</destination>
		</relationship>
	</object>
	<object class="MixerBusEffectChain" id="{d3ac3b24-4201-4dff-9d95-bb4030a09b49}">
		<relationship name="effects">
			<destination>{37abd9b7-b3f2-48fa-90fc-cbc3dd4f3d92}</destination>
			<destination>{1e0c9ded-9eff-43cf-a0c2-fa09d9849f5b}</destination>
		</relationship>
	</object>
	<object class="MixerBusPanner" id="{cab12939-90f6-4ee3-8555-6039e94a0878}" />
	<object class="MixerBusFader" id="{ddf1271f-55b9-404c-9819-4b927239db5d}" />
	<object class="ParameterProperty" id="{efb544a0-85b3-4b9e-a327-59a5994c3521}">
		<relationship name="parameter">
			<destination>{52463e76-588c-465b-98a1-459fe7b52253}</destination>
		</relationship>
	</object>
	<object class="MixerBusEffectChain" id="{8dae5e0e-efc0-46ca-9cc4-d8d9684a8c4f}">
		<relationship name="effects">
			<destination>{69e11ecc-b2ef-46ea-9ef9-695965bb0732}</destination>
		</relationship>
	</object>
	<object class="MixerBusPanner" id="{1e9b11c9-f1f8-4a69-9b60-04710e25655a}" />
	<object class="MixerBusFader" id="{37abd9b7-b3f2-48fa-90fc-cbc3dd4f3d92}" />
	<object class="SpatialiserEffect" id="{1e0c9ded-9eff-43cf-a0c2-fa09d9849f5b}" />
	<object class="MixerBusFader" id="{69e11ecc-b2ef-46ea-9ef9-695965bb0732}" />
</objects>
