<?xml version="1.0" encoding="UTF-8"?>
<objects serializationModel="Studio.02.01.00">
	<object class="Event" id="{e1299dfa-0d44-4fcf-80e8-05781d678d80}">
		<property name="name">
			<value>DriftLoop</value>
		</property>
		<property name="outputFormat">
			<value>2</value>
		</property>
		<relationship name="folder">
			<destination>{be03d365-8edb-4d15-b76b-ec8c4120befe}</destination>
		</relationship>
		<relationship name="mixer">
			<destination>{db46672f-9444-4afa-81ec-553c89a0aba0}</destination>
		</relationship>
		<relationship name="masterTrack">
			<destination>{1a816d4b-2c31-430f-9b1a-a94fb2138a1b}</destination>
		</relationship>
		<relationship name="mixerInput">
			<destination>{2d090bcd-65d0-47ad-889c-8f1e14445c8b}</destination>
		</relationship>
		<relationship name="automatableProperties">
			<destination>{aa5e5166-15ff-46ea-84cc-835a7446c1de}</destination>
		</relationship>
		<relationship name="markerTracks">
			<destination>{c62f649d-6e72-4d10-9456-b104af25b1f7}</destination>
		</relationship>
		<relationship name="groupTracks">
			<destination>{79849148-bbc8-424f-a5cd-e24e2ddfcec6}</destination>
		</relationship>
		<relationship name="timeline">
			<destination>{a48d2d6a-92f9-464c-aa3d-b6d22288ce17}</destination>
		</relationship>
		<relationship name="parameters">
			<destination>{52463e76-588c-465b-98a1-459fe7b52253}</destination>
		</relationship>
	</object>
	<object class="EventMixer" id="{db46672f-9444-4afa-81ec-553c89a0aba0}">
		<relationship name="masterBus">
			<destination>{9c4e047c-f310-4fe3-b2ce-9f768562b162}</destination>
		</relationship>
	</object>
	<object class="MasterTrack" id="{1a816d4b-2c31-430f-9b1a-a94fb2138a1b}">
		<relationship name="mixerGroup">
			<destination>{9c4e047c-f310-4fe3-b2ce-9f768562b162}</destination>
		</relationship>
	</object>
	<object class="MixerInput" id="{2d090bcd-65d0-47ad-889c-8f1e14445c8b}">
		<relationship name="effectChain">
			<destination>{b5c5df5f-e2c5-4504-bad4-8559a989ed14}</destination>
		</relationship>
		<relationship name="panner">
			<destination>{972caca5-d0a2-4d32-994c-6e47494a0a2a}</destination>
		</relationship>
		<relationship name="output">
			<destination>{37bb2356-489f-4dbc-a758-950b80b5d2a0}</destination>
		</relationship>
	</object>
	<object class="EventAutomatableProperties" id="{aa5e5166-15ff-46ea-84cc-835a7446c1de}" />
	<object class="MarkerTrack" id="{c62f649d-6e72-4d10-9456-b104af25b1f7}" />
	<object class="GroupTrack" id="{79849148-bbc8-424f-a5cd-e24e2ddfcec6}">
		<relationship name="modules">
			<destination>{bfae9dbc-83ff-431c-9196-f78b8a8ceb33}</destination>
		</relationship>
		<relationship name="mixerGroup">
			<destination>{121797f9-7136-4e48-81d7-78302ed43a56}</destination>
		</relationship>
	</object>
	<object class="Timeline" id="{a48d2d6a-92f9-464c-aa3d-b6d22288ce17}" />
	<object class="ParameterProxy" id="{52463e76-588c-465b-98a1-459fe7b52253}">
		<relationship name="modules">
			<destination>{bfae9dbc-83ff-431c-9196-f78b8a8ceb33}</destination>
		</relationship>
		<relationship name="preset">
			<destination>{8c8c3c7a-766f-4c4c-ba95-b2908e8822d4}</destination>
		</relationship>
	</object>
	<object class="EventMixerMaster" id="{9c4e047c-f310-4fe3-b2ce-9f768562b162}">
		<relationship name="effectChain">
			<destination>{5fce5f89-ba9d-4780-95c9-cce35213b250}</destination>
		</relationship>
		<relationship name="panner">
			<destination>{1a1ea8fa-dfcf-4ec1-abc6-aeb9e7cd7770}</destination>
		</relationship>
		<relationship name="mixer">
			<destination>{db46672f-9444-4afa-81ec-553c89a0aba0}</destination>
		</relationship>
	</object>
	<object class="MixerBusEffectChain" id="{b5c5df5f-e2c5-4504-bad4-8559a989ed14}">
		<relationship name="effects">
			<destination>{21045ade-e2a8-4e11-ae39-0b05b58e60c4}</destination>
		</relationship>
	</object>
	<object class="MixerBusPanner" id="{972caca5-d0a2-4d32-994c-6e47494a0a2a}" />
	<object class="SingleSound" id="{bfae9dbc-83ff-431c-9196-f78b8a8ceb33}">
		<property name="length">
			<value>100</value>
		</property>
		<property name="looping">
			<value>true</value>
		</property>
		<relationship name="fadeInCurve">
			<destination>{b95d4fbb-b44b-4d7e-9025-89bdd1eee680}</destination>
		</relationship>
		<relationship name="audioFile">
			<destination>{99752c2f-3e7c-48e5-9a4a-51351568c72b}</destination>
		</relationship>
	</object>
	<object class="EventMixerGroup" id="{121797f9-7136-4e48-81d7-78302ed43a56}">
		<property name="name">
			<value>Audio 1</value>
		</property>
		<relationship name="effectChain">
			<destination>{07941831-078d-43b1-a268-68ad791e602c}</destination>
		</relationship>
		<relationship name="panner">
			<destination>{95d68161-0159-46f5-a590-7756ce05e647}</destination>
		</relationship>
		<relationship name="output">
			<destination>{9c4e047c-f310-4fe3-b2ce-9f768562b162}</destination>
		</relationship>
	</object>
	<object class="MixerBusEffectChain" id="{5fce5f89-ba9d-4780-95c9-cce35213b250}">
		<relationship name="effects">
			<destination>{cd17a398-0ca1-465a-9c72-beedbf98f3b9}</destination>
			<destination>{a9d9293c-b951-4a6d-8ee6-4b1f0cf2fda1}</destination>
		</relationship>
	</object>
	<object class="MixerBusPanner" id="{1a1ea8fa-dfcf-4ec1-abc6-aeb9e7cd7770}" />
	<object class="MixerBusFader" id="{21045ade-e2a8-4e11-ae39-0b05b58e60c4}" />
	<object class="FadeCurve" id="{b95d4fbb-b44b-4d7e-9025-89bdd1eee680}">
		<relationship name="startPoint">
			<destination>{ba0d5398-b6ff-4a8a-9b81-55d047e64f69}</destination>
		</relationship>
		<relationship name="endPoint">
			<destination>{60aace3d-4067-45b4-ba10-55ddcceaa259}</destination>
		</relationship>
	</object>
	<object class="MixerBusEffectChain" id="{07941831-078d-43b1-a268-68ad791e602c}">
		<relationship name="effects">
			<destination>{76c14997-810b-4435-8b39-a7f32506c582}</destination>
		</relationship>
	</object>
	<object class="MixerBusPanner" id="{95d68161-0159-46f5-a590-7756ce05e647}" />
	<object class="MixerBusFader" id="{cd17a398-0ca1-465a-9c72-beedbf98f3b9}" />
	<object class="SpatialiserEffect" id="{a9d9293c-b951-4a6d-8ee6-4b1f0cf2fda1}" />
	<object class="AutomationPoint" id="{ba0d5398-b6ff-4a8a-9b81-55d047e64f69}">
		<property name="position">
			<value>0</value>
		</property>
		<property name="value">
			<value>0</value>
		</property>
		<property name="curveShape">
			<value>-1</value>
		</property>
		<property name="isSCurve">
			<value>true</value>
		</property>
	</object>
	<object class="AutomationPoint" id="{60aace3d-4067-45b4-ba10-55ddcceaa259}">
		<property name="position">
			<value>100</value>
		</property>
		<property name="value">
			<value>1</value>
		</property>
	</object>
	<object class="MixerBusFader" id="{76c14997-810b-4435-8b39-a7f32506c582}" />
</objects>
