<?xml version="1.0" encoding="UTF-8"?>
<objects serializationModel="Studio.02.01.00">
	<object class="Event" id="{eb528fdd-4c6e-4913-af2a-d1b1c8716209}">
		<property name="name">
			<value>ObjectImpact</value>
		</property>
		<property name="outputFormat">
			<value>2</value>
		</property>
		<relationship name="folder">
			<destination>{be03d365-8edb-4d15-b76b-ec8c4120befe}</destination>
		</relationship>
		<relationship name="mixer">
			<destination>{ac76e657-d6f0-49fb-9f54-3f31b5e83069}</destination>
		</relationship>
		<relationship name="masterTrack">
			<destination>{bea1ec96-f35a-439d-998a-7dbfa0aeff8b}</destination>
		</relationship>
		<relationship name="mixerInput">
			<destination>{3acc25eb-530b-4dbd-b7a8-c9943f445568}</destination>
		</relationship>
		<relationship name="automatableProperties">
			<destination>{bfe59bb7-0efd-496b-991a-16f7b8632e2d}</destination>
		</relationship>
		<relationship name="markerTracks">
			<destination>{b5d0ccdc-ea27-4dc1-8638-3f6cf5086b98}</destination>
		</relationship>
		<relationship name="groupTracks">
			<destination>{fa7ad663-a9a1-4a96-ab59-ce07f30e3b46}</destination>
			<destination>{93af53c3-64c2-49b8-8142-c361c040817f}</destination>
			<destination>{d374442d-b396-4b08-8003-5932e75ab164}</destination>
		</relationship>
		<relationship name="timeline">
			<destination>{a97ccbf3-19fb-4866-b138-59b7ad215047}</destination>
		</relationship>
		<relationship name="parameters">
			<destination>{30a5c5f3-6bac-4e92-b394-d89a8a66e0a6}</destination>
			<destination>{084b563c-c697-4eaa-a752-bd1e32e32f28}</destination>
		</relationship>
		<relationship name="banks">
			<destination>{b30aa0fe-6696-43df-a942-633efb3d6158}</destination>
		</relationship>
	</object>
	<object class="EventMixer" id="{ac76e657-d6f0-49fb-9f54-3f31b5e83069}">
		<relationship name="masterBus">
			<destination>{8330669a-cc8a-405c-8c2c-cbfc82ca6727}</destination>
		</relationship>
	</object>
	<object class="MasterTrack" id="{bea1ec96-f35a-439d-998a-7dbfa0aeff8b}">
		<relationship name="modules">
			<destination>{fa54b6e1-6a34-4d10-93ac-e54ff8035380}</destination>
		</relationship>
		<relationship name="mixerGroup">
			<destination>{8330669a-cc8a-405c-8c2c-cbfc82ca6727}</destination>
		</relationship>
	</object>
	<object class="MixerInput" id="{3acc25eb-530b-4dbd-b7a8-c9943f445568}">
		<relationship name="effectChain">
			<destination>{e70c9892-d856-468b-bebf-797262494e18}</destination>
		</relationship>
		<relationship name="panner">
			<destination>{2b143d0e-5603-4b88-9d63-9c061dc31151}</destination>
		</relationship>
		<relationship name="output">
			<destination>{37bb2356-489f-4dbc-a758-950b80b5d2a0}</destination>
		</relationship>
	</object>
	<object class="EventAutomatableProperties" id="{bfe59bb7-0efd-496b-991a-16f7b8632e2d}" />
	<object class="MarkerTrack" id="{b5d0ccdc-ea27-4dc1-8638-3f6cf5086b98}" />
	<object class="GroupTrack" id="{fa7ad663-a9a1-4a96-ab59-ce07f30e3b46}">
		<relationship name="modules">
			<destination>{f39e4c75-77fd-4a99-8587-405ac8ccd8f1}</destination>
			<destination>{d9a22c9f-1d5d-4ecd-8e4c-b8bea71e3ae0}</destination>
		</relationship>
		<relationship name="mixerGroup">
			<destination>{a720ee29-d6c4-4391-9114-feba51e1964d}</destination>
		</relationship>
	</object>
	<object class="GroupTrack" id="{93af53c3-64c2-49b8-8142-c361c040817f}">
		<relationship name="modules">
			<destination>{e1cd197a-62fe-404a-bc1d-7e15d93892fe}</destination>
			<destination>{53cd80d5-f63f-41c5-8632-5e2bd1b489e0}</destination>
		</relationship>
		<relationship name="mixerGroup">
			<destination>{5122a0ca-7572-401e-808a-9241c730d7d5}</destination>
		</relationship>
	</object>
	<object class="GroupTrack" id="{d374442d-b396-4b08-8003-5932e75ab164}">
		<relationship name="modules">
			<destination>{e4479798-1409-4cf8-8011-ecaf3fc95eb2}</destination>
		</relationship>
		<relationship name="mixerGroup">
			<destination>{3c6f81d5-817f-410a-8b1f-8c3b763cda10}</destination>
		</relationship>
	</object>
	<object class="Timeline" id="{a97ccbf3-19fb-4866-b138-59b7ad215047}">
		<property name="isProxyEnabled">
			<value>false</value>
		</property>
	</object>
	<object class="ActionSheet" id="{30a5c5f3-6bac-4e92-b394-d89a8a66e0a6}">
		<relationship name="modules">
			<destination>{fa54b6e1-6a34-4d10-93ac-e54ff8035380}</destination>
		</relationship>
	</object>
	<object class="ParameterProxy" id="{084b563c-c697-4eaa-a752-bd1e32e32f28}">
		<relationship name="modules">
			<destination>{f39e4c75-77fd-4a99-8587-405ac8ccd8f1}</destination>
			<destination>{e1cd197a-62fe-404a-bc1d-7e15d93892fe}</destination>
			<destination>{d9a22c9f-1d5d-4ecd-8e4c-b8bea71e3ae0}</destination>
			<destination>{53cd80d5-f63f-41c5-8632-5e2bd1b489e0}</destination>
			<destination>{e4479798-1409-4cf8-8011-ecaf3fc95eb2}</destination>
		</relationship>
		<relationship name="preset">
			<destination>{036bab84-4e6a-4f86-b2cd-4a76b0868a61}</destination>
		</relationship>
	</object>
	<object class="EventMixerMaster" id="{8330669a-cc8a-405c-8c2c-cbfc82ca6727}">
		<relationship name="effectChain">
			<destination>{81bf6730-cba1-4853-a773-5dff0b478733}</destination>
		</relationship>
		<relationship name="panner">
			<destination>{6efb1674-5c9f-4c76-81eb-6aa8b8893bd6}</destination>
		</relationship>
		<relationship name="mixer">
			<destination>{ac76e657-d6f0-49fb-9f54-3f31b5e83069}</destination>
		</relationship>
	</object>
	<object class="MultiSound" id="{fa54b6e1-6a34-4d10-93ac-e54ff8035380}" />
	<object class="MixerBusEffectChain" id="{e70c9892-d856-468b-bebf-797262494e18}">
		<relationship name="effects">
			<destination>{2295d0cd-c981-4ebb-819f-c4aaa45cb86c}</destination>
		</relationship>
	</object>
	<object class="MixerBusPanner" id="{2b143d0e-5603-4b88-9d63-9c061dc31151}" />
	<object class="MultiSound" id="{f39e4c75-77fd-4a99-8587-405ac8ccd8f1}">
		<property name="volume">
			<value>7</value>
		</property>
		<property name="pitch">
			<value>-0.5</value>
		</property>
		<relationship name="sounds">
			<destination>{0b5d7dd7-6795-415d-aa98-89a8314bff65}</destination>
			<destination>{2868cfd6-0a8e-425d-9064-6d5d920f54d6}</destination>
			<destination>{d736dda7-a25e-4004-a395-fbc4b9f6f8c6}</destination>
			<destination>{8ac3a8d8-5911-4f90-a647-c25f5b184c0c}</destination>
			<destination>{dd9f3874-6b3c-4693-add1-86832c583f3e}</destination>
		</relationship>
	</object>
	<object class="MultiSound" id="{d9a22c9f-1d5d-4ecd-8e4c-b8bea71e3ae0}">
		<property name="start">
			<value>3</value>
		</property>
		<property name="volume">
			<value>-9</value>
		</property>
		<property name="pitch">
			<value>-0.200000003</value>
		</property>
		<relationship name="modulators">
			<destination>{bfb29f73-062c-4f26-aebc-4ea2f409acfd}</destination>
		</relationship>
		<relationship name="sounds">
			<destination>{b8c430cc-b31a-4b1c-b32b-936ef9d0b20c}</destination>
			<destination>{1f06061a-752f-4c52-9cdb-332390aa886a}</destination>
			<destination>{a7f066ad-2f9c-4ae1-990f-de4660130bd8}</destination>
		</relationship>
	</object>
	<object class="EventMixerGroup" id="{a720ee29-d6c4-4391-9114-feba51e1964d}">
		<property name="name">
			<value>Audio 1</value>
		</property>
		<relationship name="effectChain">
			<destination>{577878a5-7252-452c-9210-670de55f103e}</destination>
		</relationship>
		<relationship name="panner">
			<destination>{35f0f52f-e708-4999-8928-59480570712e}</destination>
		</relationship>
		<relationship name="output">
			<destination>{8330669a-cc8a-405c-8c2c-cbfc82ca6727}</destination>
		</relationship>
	</object>
	<object class="MultiSound" id="{e1cd197a-62fe-404a-bc1d-7e15d93892fe}">
		<property name="start">
			<value>1</value>
		</property>
		<property name="volume">
			<value>7</value>
		</property>
		<property name="pitch">
			<value>1.39999998</value>
		</property>
		<relationship name="sounds">
			<destination>{df4c4ec3-7714-4fb9-ab76-ab4a251df540}</destination>
			<destination>{657207a1-5c3e-4429-b32d-0203373a9085}</destination>
			<destination>{d4c123f1-0e30-4dec-997c-34c85f57d0c6}</destination>
			<destination>{7ce8138d-eb6d-4553-8064-a2f2e8632bc0}</destination>
			<destination>{a53ae62e-4714-4050-b190-5b7f7353b01c}</destination>
			<destination>{e889538b-b398-4717-b15c-32b0609669fa}</destination>
		</relationship>
	</object>
	<object class="MultiSound" id="{53cd80d5-f63f-41c5-8632-5e2bd1b489e0}">
		<property name="start">
			<value>3</value>
		</property>
		<property name="volume">
			<value>-7.5</value>
		</property>
		<relationship name="sounds">
			<destination>{cf81f308-4f66-4f02-ab90-28b1f2c47bc3}</destination>
			<destination>{b1df2492-4a6b-41a5-b775-22bae5e61e07}</destination>
			<destination>{319dc3f7-546c-4e75-955e-fd5b856bcd6d}</destination>
			<destination>{a0b11d22-4e1a-410a-a5df-f9b8af864c05}</destination>
			<destination>{4f948421-0795-4b3b-b2f5-0d5508e3f0e1}</destination>
			<destination>{1afcf42c-fb16-4aa5-ad55-8cba570783f7}</destination>
			<destination>{509a9422-b1d3-4255-96df-da50c03da6a5}</destination>
			<destination>{ab6441d2-69f5-49fa-b0af-10df49ac56cd}</destination>
			<destination>{fe670982-ad4c-4957-acdd-4cadbbcd89d8}</destination>
			<destination>{df3d6576-e6f1-40c4-83dc-c44b19c938ab}</destination>
			<destination>{96224b79-a9d7-491e-8857-56bfbd6b5b7a}</destination>
		</relationship>
	</object>
	<object class="EventMixerGroup" id="{5122a0ca-7572-401e-808a-9241c730d7d5}">
		<property name="name">
			<value>Audio 2</value>
		</property>
		<relationship name="effectChain">
			<destination>{562ec8e0-b72a-4221-a58e-e73b0562e436}</destination>
		</relationship>
		<relationship name="panner">
			<destination>{6c39191b-1e6a-47de-a27a-502d4340ddb9}</destination>
		</relationship>
		<relationship name="output">
			<destination>{8330669a-cc8a-405c-8c2c-cbfc82ca6727}</destination>
		</relationship>
	</object>
	<object class="MultiSound" id="{e4479798-1409-4cf8-8011-ecaf3fc95eb2}">
		<property name="start">
			<value>3</value>
		</property>
		<property name="volume">
			<value>-10.5</value>
		</property>
		<relationship name="sounds">
			<destination>{4cdfb030-2f82-4c3c-ac4d-cdff397042c4}</destination>
			<destination>{763f9dd2-4e00-47e8-932e-63e87f1adeaf}</destination>
			<destination>{aaea0e52-1a40-4847-9887-cb749406d4f3}</destination>
			<destination>{350eec7a-a317-4d37-bbc7-5d8fcb5e033c}</destination>
			<destination>{f82f1a5f-9421-4a2f-a575-457e181d84ab}</destination>
		</relationship>
	</object>
	<object class="EventMixerGroup" id="{3c6f81d5-817f-410a-8b1f-8c3b763cda10}">
		<property name="name">
			<value>Audio 3</value>
		</property>
		<relationship name="effectChain">
			<destination>{3fe76ebd-c7e3-4fe9-afa3-7f9b918434e9}</destination>
		</relationship>
		<relationship name="panner">
			<destination>{e2ffbff4-b3f8-42f4-8ae5-a056f0484dbf}</destination>
		</relationship>
		<relationship name="output">
			<destination>{8330669a-cc8a-405c-8c2c-cbfc82ca6727}</destination>
		</relationship>
	</object>
	<object class="MixerBusEffectChain" id="{81bf6730-cba1-4853-a773-5dff0b478733}">
		<relationship name="effects">
			<destination>{ec22308e-ef18-4ffd-b946-47752f0894e4}</destination>
			<destination>{a11b75d2-cece-4b91-9aea-e5127d1518b0}</destination>
		</relationship>
	</object>
	<object class="MixerBusPanner" id="{6efb1674-5c9f-4c76-81eb-6aa8b8893bd6}" />
	<object class="MixerBusFader" id="{2295d0cd-c981-4ebb-819f-c4aaa45cb86c}" />
	<object class="SingleSound" id="{0b5d7dd7-6795-415d-aa98-89a8314bff65}">
		<relationship name="audioFile">
			<destination>{60bfecb8-8cb1-44d0-8d00-7c5a5c91d015}</destination>
		</relationship>
	</object>
	<object class="SingleSound" id="{2868cfd6-0a8e-425d-9064-6d5d920f54d6}">
		<relationship name="audioFile">
			<destination>{fac96bb3-9a71-404e-b2c5-836d75e2e01b}</destination>
		</relationship>
	</object>
	<object class="SingleSound" id="{d736dda7-a25e-4004-a395-fbc4b9f6f8c6}">
		<relationship name="audioFile">
			<destination>{cce4615e-0f9c-4eb8-a20f-89f5fdf2cd32}</destination>
		</relationship>
	</object>
	<object class="SingleSound" id="{8ac3a8d8-5911-4f90-a647-c25f5b184c0c}">
		<relationship name="audioFile">
			<destination>{105f0066-aa0f-4a4a-881f-c202fac2daad}</destination>
		</relationship>
	</object>
	<object class="SingleSound" id="{dd9f3874-6b3c-4693-add1-86832c583f3e}">
		<relationship name="audioFile">
			<destination>{c408e3c5-9a7b-4ddb-9d16-9db3b58338b8}</destination>
		</relationship>
	</object>
	<object class="RandomizerModulator" id="{bfb29f73-062c-4f26-aebc-4ea2f409acfd}">
		<property name="nameOfPropertyBeingModulated">
			<value>startOffset</value>
		</property>
		<property name="amount">
			<value>16</value>
		</property>
	</object>
	<object class="SingleSound" id="{b8c430cc-b31a-4b1c-b32b-936ef9d0b20c}">
		<relationship name="audioFile">
			<destination>{0777d808-d6e6-46ca-a494-cb1e3ecb10c7}</destination>
		</relationship>
	</object>
	<object class="SingleSound" id="{1f06061a-752f-4c52-9cdb-332390aa886a}">
		<relationship name="audioFile">
			<destination>{694502ea-fdeb-4b72-bd7e-668688ae470e}</destination>
		</relationship>
	</object>
	<object class="SingleSound" id="{a7f066ad-2f9c-4ae1-990f-de4660130bd8}">
		<property name="pitch">
			<value>1</value>
		</property>
		<relationship name="audioFile">
			<destination>{4f9577bd-a62c-4937-ae76-e4413c660bbe}</destination>
		</relationship>
	</object>
	<object class="MixerBusEffectChain" id="{577878a5-7252-452c-9210-670de55f103e}">
		<relationship name="effects">
			<destination>{08fa0b14-51cf-49c8-ba68-ba5921753a6e}</destination>
			<destination>{47aa6df8-590a-41cd-9f7a-d99884eb0ab7}</destination>
		</relationship>
	</object>
	<object class="MixerBusPanner" id="{35f0f52f-e708-4999-8928-59480570712e}" />
	<object class="SingleSound" id="{df4c4ec3-7714-4fb9-ab76-ab4a251df540}">
		<relationship name="audioFile">
			<destination>{ad1ce949-115e-491c-b56c-516317a4c898}</destination>
		</relationship>
	</object>
	<object class="SingleSound" id="{657207a1-5c3e-4429-b32d-0203373a9085}">
		<relationship name="audioFile">
			<destination>{f9dcce3d-c128-49fa-b13e-f5aab56937fe}</destination>
		</relationship>
	</object>
	<object class="SingleSound" id="{d4c123f1-0e30-4dec-997c-34c85f57d0c6}">
		<relationship name="audioFile">
			<destination>{b3ba9574-dc44-4ff6-82fc-025e303aa569}</destination>
		</relationship>
	</object>
	<object class="SingleSound" id="{7ce8138d-eb6d-4553-8064-a2f2e8632bc0}">
		<relationship name="audioFile">
			<destination>{c572b70c-f329-46be-bd83-d7be33d995ee}</destination>
		</relationship>
	</object>
	<object class="SingleSound" id="{a53ae62e-4714-4050-b190-5b7f7353b01c}">
		<relationship name="audioFile">
			<destination>{9a41b7d8-9489-499e-9615-c192e1668c5c}</destination>
		</relationship>
	</object>
	<object class="SingleSound" id="{e889538b-b398-4717-b15c-32b0609669fa}">
		<relationship name="audioFile">
			<destination>{bac6df4c-8303-401f-9dd3-61869b44a91a}</destination>
		</relationship>
	</object>
	<object class="SingleSound" id="{cf81f308-4f66-4f02-ab90-28b1f2c47bc3}">
		<relationship name="audioFile">
			<destination>{3c297e02-5d16-490f-969f-25f4515e30f5}</destination>
		</relationship>
	</object>
	<object class="SingleSound" id="{b1df2492-4a6b-41a5-b775-22bae5e61e07}">
		<relationship name="audioFile">
			<destination>{f07c9cbe-0ff6-4954-a08e-389ba3d56310}</destination>
		</relationship>
	</object>
	<object class="SingleSound" id="{319dc3f7-546c-4e75-955e-fd5b856bcd6d}">
		<relationship name="audioFile">
			<destination>{a6ea51fc-c828-4c96-9539-79cda445e71c}</destination>
		</relationship>
	</object>
	<object class="SingleSound" id="{a0b11d22-4e1a-410a-a5df-f9b8af864c05}">
		<relationship name="audioFile">
			<destination>{b49450fa-b85c-4536-a091-5c3e2e709fd4}</destination>
		</relationship>
	</object>
	<object class="SingleSound" id="{4f948421-0795-4b3b-b2f5-0d5508e3f0e1}">
		<relationship name="audioFile">
			<destination>{bc97006f-c7a2-4790-8f19-3653c89b9edc}</destination>
		</relationship>
	</object>
	<object class="SingleSound" id="{1afcf42c-fb16-4aa5-ad55-8cba570783f7}">
		<relationship name="audioFile">
			<destination>{6f602b48-7003-4515-9f6f-b123282f4b79}</destination>
		</relationship>
	</object>
	<object class="SingleSound" id="{509a9422-b1d3-4255-96df-da50c03da6a5}">
		<relationship name="audioFile">
			<destination>{5e6d5d3e-46e7-4e74-9c49-93ba7f068679}</destination>
		</relationship>
	</object>
	<object class="SingleSound" id="{ab6441d2-69f5-49fa-b0af-10df49ac56cd}">
		<relationship name="audioFile">
			<destination>{9108513b-e46c-4574-9b7c-1d40807b2c56}</destination>
		</relationship>
	</object>
	<object class="SingleSound" id="{fe670982-ad4c-4957-acdd-4cadbbcd89d8}">
		<relationship name="audioFile">
			<destination>{23cbb284-2078-4d42-86e1-dec3cb70f4c3}</destination>
		</relationship>
	</object>
	<object class="SingleSound" id="{df3d6576-e6f1-40c4-83dc-c44b19c938ab}">
		<relationship name="audioFile">
			<destination>{1c461fc3-6d4f-4c51-977b-86c7e5c5070e}</destination>
		</relationship>
	</object>
	<object class="SingleSound" id="{96224b79-a9d7-491e-8857-56bfbd6b5b7a}">
		<relationship name="audioFile">
			<destination>{055f4f8e-b927-4505-ad7e-a38d4ba9cf10}</destination>
		</relationship>
	</object>
	<object class="MixerBusEffectChain" id="{562ec8e0-b72a-4221-a58e-e73b0562e436}">
		<relationship name="effects">
			<destination>{ce450320-5d50-44c4-ba36-6d0fa3045153}</destination>
		</relationship>
	</object>
	<object class="MixerBusPanner" id="{6c39191b-1e6a-47de-a27a-502d4340ddb9}" />
	<object class="SingleSound" id="{4cdfb030-2f82-4c3c-ac4d-cdff397042c4}">
		<relationship name="audioFile">
			<destination>{5cb7cb5c-69c1-4b31-b258-fbee511b8f40}</destination>
		</relationship>
	</object>
	<object class="SingleSound" id="{763f9dd2-4e00-47e8-932e-63e87f1adeaf}">
		<relationship name="audioFile">
			<destination>{f9c8785f-c256-4d28-a1c2-9e3c4914c297}</destination>
		</relationship>
	</object>
	<object class="SingleSound" id="{aaea0e52-1a40-4847-9887-cb749406d4f3}">
		<relationship name="audioFile">
			<destination>{9d4bea41-2467-4e0e-a73c-ab1638cc6079}</destination>
		</relationship>
	</object>
	<object class="SingleSound" id="{350eec7a-a317-4d37-bbc7-5d8fcb5e033c}">
		<relationship name="audioFile">
			<destination>{ee086ee1-4c3e-4004-a59f-293bc62580c5}</destination>
		</relationship>
	</object>
	<object class="SingleSound" id="{f82f1a5f-9421-4a2f-a575-457e181d84ab}">
		<relationship name="audioFile">
			<destination>{df745252-60a8-4f49-9a66-a787e49891c8}</destination>
		</relationship>
	</object>
	<object class="MixerBusEffectChain" id="{3fe76ebd-c7e3-4fe9-afa3-7f9b918434e9}">
		<relationship name="effects">
			<destination>{bf0c52ea-79bc-4250-ba27-788dbfb11c86}</destination>
		</relationship>
	</object>
	<object class="MixerBusPanner" id="{e2ffbff4-b3f8-42f4-8ae5-a056f0484dbf}" />
	<object class="MixerBusFader" id="{ec22308e-ef18-4ffd-b946-47752f0894e4}" />
	<object class="SpatialiserEffect" id="{a11b75d2-cece-4b91-9aea-e5127d1518b0}" />
	<object class="MixerBusFader" id="{08fa0b14-51cf-49c8-ba68-ba5921753a6e}" />
	<object class="ThreeEQEffect" id="{47aa6df8-590a-41cd-9f7a-d99884eb0ab7}">
		<property name="midGain">
			<value>5.5</value>
		</property>
		<property name="highGain">
			<value>6</value>
		</property>
		<property name="highCrossover">
			<value>1300</value>
		</property>
		<property name="crossoverSlope">
			<value>0</value>
		</property>
	</object>
	<object class="MixerBusFader" id="{ce450320-5d50-44c4-ba36-6d0fa3045153}" />
	<object class="MixerBusFader" id="{bf0c52ea-79bc-4250-ba27-788dbfb11c86}" />
</objects>
