<?xml version="1.0" encoding="UTF-8"?>
<objects serializationModel="Studio.02.01.00">
	<object class="Event" id="{fe3fa949-f9ea-48a6-8ba9-ca8b2a76d976}">
		<property name="name">
			<value>SteeringLoop</value>
		</property>
		<property name="outputFormat">
			<value>2</value>
		</property>
		<relationship name="folder">
			<destination>{ca3863d1-28b1-4584-8298-7110f2783573}</destination>
		</relationship>
		<relationship name="mixer">
			<destination>{b9e8a266-1b02-4ae0-93a5-c9ab9f29bcf7}</destination>
		</relationship>
		<relationship name="masterTrack">
			<destination>{d6580da5-f283-4c02-b3c4-c3f7d87d7d2b}</destination>
		</relationship>
		<relationship name="mixerInput">
			<destination>{55dae29e-ff25-4724-8068-ab70a634e93f}</destination>
		</relationship>
		<relationship name="automatableProperties">
			<destination>{231ed4ee-ecb5-4384-9abf-15a87daa9384}</destination>
		</relationship>
		<relationship name="markerTracks">
			<destination>{27ddff8a-be9f-4801-bad0-47d30235c6a0}</destination>
		</relationship>
		<relationship name="groupTracks">
			<destination>{ed87b8e5-3898-4bf9-9985-195179bd2694}</destination>
		</relationship>
		<relationship name="timeline">
			<destination>{2defc541-4c7e-4fa8-bd85-37bf7d3f12d3}</destination>
		</relationship>
	</object>
	<object class="EventMixer" id="{b9e8a266-1b02-4ae0-93a5-c9ab9f29bcf7}">
		<relationship name="masterBus">
			<destination>{c46d2266-0486-4bc3-8fbc-f66830a1357e}</destination>
		</relationship>
	</object>
	<object class="MasterTrack" id="{d6580da5-f283-4c02-b3c4-c3f7d87d7d2b}">
		<relationship name="mixerGroup">
			<destination>{c46d2266-0486-4bc3-8fbc-f66830a1357e}</destination>
		</relationship>
	</object>
	<object class="MixerInput" id="{55dae29e-ff25-4724-8068-ab70a634e93f}">
		<relationship name="effectChain">
			<destination>{ed8931b9-bb1d-4145-ac99-d761b95b801f}</destination>
		</relationship>
		<relationship name="panner">
			<destination>{348e1619-6333-4e96-b7f7-076e9d7560eb}</destination>
		</relationship>
		<relationship name="output">
			<destination>{37bb2356-489f-4dbc-a758-950b80b5d2a0}</destination>
		</relationship>
	</object>
	<object class="EventAutomatableProperties" id="{231ed4ee-ecb5-4384-9abf-15a87daa9384}" />
	<object class="MarkerTrack" id="{27ddff8a-be9f-4801-bad0-47d30235c6a0}" />
	<object class="GroupTrack" id="{ed87b8e5-3898-4bf9-9985-195179bd2694}">
		<relationship name="modules">
			<destination>{b8fb9307-7ef9-414a-820b-4de5d1e2f07d}</destination>
			<destination>{579550ca-1f89-41e4-962b-3de39124a4d6}</destination>
		</relationship>
		<relationship name="mixerGroup">
			<destination>{9d4ccc86-ede9-4a00-ad87-e73c7c2ef4c5}</destination>
		</relationship>
	</object>
	<object class="Timeline" id="{2defc541-4c7e-4fa8-bd85-37bf7d3f12d3}">
		<relationship name="modules">
			<destination>{b8fb9307-7ef9-414a-820b-4de5d1e2f07d}</destination>
			<destination>{579550ca-1f89-41e4-962b-3de39124a4d6}</destination>
		</relationship>
	</object>
	<object class="EventMixerMaster" id="{c46d2266-0486-4bc3-8fbc-f66830a1357e}">
		<relationship name="effectChain">
			<destination>{605af0b0-450e-419d-82a2-a63b5f05a312}</destination>
		</relationship>
		<relationship name="panner">
			<destination>{80e1d549-6094-4f7a-a0a5-de6a54920152}</destination>
		</relationship>
		<relationship name="mixer">
			<destination>{b9e8a266-1b02-4ae0-93a5-c9ab9f29bcf7}</destination>
		</relationship>
	</object>
	<object class="MixerBusEffectChain" id="{ed8931b9-bb1d-4145-ac99-d761b95b801f}">
		<relationship name="effects">
			<destination>{0d18f1b3-ff04-4629-a9d6-c1d9d2a8ea1a}</destination>
		</relationship>
	</object>
	<object class="MixerBusPanner" id="{348e1619-6333-4e96-b7f7-076e9d7560eb}" />
	<object class="SingleSound" id="{b8fb9307-7ef9-414a-820b-4de5d1e2f07d}">
		<property name="length">
			<value>8.6488888888888891</value>
		</property>
		<property name="volume">
			<value>-29</value>
		</property>
		<property name="pitch">
			<value>-0.699999988</value>
		</property>
		<property name="looping">
			<value>true</value>
		</property>
		<relationship name="fadeInCurve">
			<destination>{81be33c4-d5ac-4ee7-9408-67e99ecfd3af}</destination>
		</relationship>
		<relationship name="audioFile">
			<destination>{0d3a43fe-8e1c-4497-bf08-2356acf98eda}</destination>
		</relationship>
	</object>
	<object class="EventSound" id="{579550ca-1f89-41e4-962b-3de39124a4d6}">
		<relationship name="parameters">
			<destination>{869ead87-661b-4656-a870-4a7e306bb3e7}</destination>
		</relationship>
		<relationship name="event">
			<destination>{4cd8a28b-8892-45ee-ad3e-04eb950a6388}</destination>
		</relationship>
	</object>
	<object class="EventMixerGroup" id="{9d4ccc86-ede9-4a00-ad87-e73c7c2ef4c5}">
		<property name="name">
			<value>Audio 1</value>
		</property>
		<relationship name="effectChain">
			<destination>{bdc9dc4d-c0ad-4cc8-8254-d2d8d5bc4b8d}</destination>
		</relationship>
		<relationship name="panner">
			<destination>{a6811936-1d57-497c-993d-ca47d7a3a327}</destination>
		</relationship>
		<relationship name="output">
			<destination>{c46d2266-0486-4bc3-8fbc-f66830a1357e}</destination>
		</relationship>
	</object>
	<object class="MixerBusEffectChain" id="{605af0b0-450e-419d-82a2-a63b5f05a312}">
		<relationship name="effects">
			<destination>{6e35b69b-55af-451d-8fb2-c4e4ee6455d3}</destination>
			<destination>{18348c14-e9de-4b84-8b89-9285b18dd221}</destination>
		</relationship>
	</object>
	<object class="MixerBusPanner" id="{80e1d549-6094-4f7a-a0a5-de6a54920152}" />
	<object class="MixerBusFader" id="{0d18f1b3-ff04-4629-a9d6-c1d9d2a8ea1a}" />
	<object class="FadeCurve" id="{81be33c4-d5ac-4ee7-9408-67e99ecfd3af}">
		<relationship name="startPoint">
			<destination>{55d1d31a-21ee-493a-a040-f206d9e5adcb}</destination>
		</relationship>
		<relationship name="endPoint">
			<destination>{eaa62711-ea7a-44ee-a862-9eb2a1c36f00}</destination>
		</relationship>
	</object>
	<object class="ParameterProperty" id="{869ead87-661b-4656-a870-4a7e306bb3e7}">
		<relationship name="parameter">
			<destination>{87caf7c8-ae0f-4499-97ef-925abb33cc59}</destination>
		</relationship>
	</object>
	<object class="MixerBusEffectChain" id="{bdc9dc4d-c0ad-4cc8-8254-d2d8d5bc4b8d}">
		<relationship name="effects">
			<destination>{f8bcb4dd-27d5-4968-815d-c408641db150}</destination>
		</relationship>
	</object>
	<object class="MixerBusPanner" id="{a6811936-1d57-497c-993d-ca47d7a3a327}" />
	<object class="MixerBusFader" id="{6e35b69b-55af-451d-8fb2-c4e4ee6455d3}" />
	<object class="SpatialiserEffect" id="{18348c14-e9de-4b84-8b89-9285b18dd221}" />
	<object class="AutomationPoint" id="{55d1d31a-21ee-493a-a040-f206d9e5adcb}">
		<property name="position">
			<value>0</value>
		</property>
		<property name="value">
			<value>0</value>
		</property>
		<property name="curveShape">
			<value>-0.2547189</value>
		</property>
	</object>
	<object class="AutomationPoint" id="{eaa62711-ea7a-44ee-a862-9eb2a1c36f00}">
		<property name="position">
			<value>0.20000000000000001</value>
		</property>
		<property name="value">
			<value>1</value>
		</property>
	</object>
	<object class="MixerBusFader" id="{f8bcb4dd-27d5-4968-815d-c408641db150}" />
</objects>
