<?xml version="1.0" encoding="UTF-8"?>
<objects serializationModel="Studio.02.01.00">
	<object class="ParameterPreset" id="{229f4964-a7fc-4f47-9ba3-2760a5908789}">
		<property name="name">
			<value>Load</value>
		</property>
		<relationship name="folder">
			<destination>{768e0742-ed15-4946-9a67-f732e8f84107}</destination>
		</relationship>
		<relationship name="parameter">
			<destination>{e74f43f7-8f75-4e2a-8556-27ef33682653}</destination>
		</relationship>
	</object>
	<object class="GameParameter" id="{e74f43f7-8f75-4e2a-8556-27ef33682653}">
		<property name="minimum">
			<value>-2000</value>
		</property>
		<property name="maximum">
			<value>2000</value>
		</property>
		<property name="initialValue">
			<value>0</value>
		</property>
		<property name="seekSpeed">
			<value>2350</value>
		</property>
		<property name="seekSpeedDescending">
			<value>5000</value>
		</property>
		<property name="seekSpeedAsymmetric">
			<value>true</value>
		</property>
	</object>
</objects>
