<?xml version="1.0" encoding="UTF-8"?>
<objects serializationModel="Studio.02.01.00">
	<object class="ParameterPreset" id="{291e7e52-a1a7-4986-8709-ba3466bdd510}">
		<property name="name">
			<value>Steering</value>
		</property>
		<relationship name="folder">
			<destination>{768e0742-ed15-4946-9a67-f732e8f84107}</destination>
		</relationship>
		<relationship name="parameter">
			<destination>{70e11951-c1fa-478b-a499-24f1cfec916d}</destination>
		</relationship>
	</object>
	<object class="GameParameter" id="{70e11951-c1fa-478b-a499-24f1cfec916d}">
		<property name="initialValue">
			<value>0</value>
		</property>
	</object>
</objects>
