<?xml version="1.0" encoding="UTF-8"?>
<objects serializationModel="Studio.02.01.00">
	<object class="ParameterPreset" id="{52f081d3-9612-4f61-ad06-bfe52c173407}">
		<property name="name">
			<value>RPM</value>
		</property>
		<relationship name="folder">
			<destination>{768e0742-ed15-4946-9a67-f732e8f84107}</destination>
		</relationship>
		<relationship name="parameter">
			<destination>{8c8c3c7a-766f-4c4c-ba95-b2908e8822d4}</destination>
		</relationship>
	</object>
	<object class="GameParameter" id="{8c8c3c7a-766f-4c4c-ba95-b2908e8822d4}">
		<property name="maximum">
			<value>100</value>
		</property>
		<property name="initialValue">
			<value>0</value>
		</property>
		<property name="seekSpeed">
			<value>45</value>
		</property>
		<property name="seekSpeedDescending">
			<value>58</value>
		</property>
		<property name="seekSpeedAsymmetric">
			<value>true</value>
		</property>
	</object>
</objects>
