<?xml version="1.0" encoding="UTF-8"?>
<objects serializationModel="Studio.02.01.00">
	<object class="ParameterPreset" id="{6e29ba8f-7d8f-492d-99b2-ef1e7275ab74}">
		<property name="name">
			<value>DriveBool</value>
		</property>
		<relationship name="folder">
			<destination>{768e0742-ed15-4946-9a67-f732e8f84107}</destination>
		</relationship>
		<relationship name="parameter">
			<destination>{9779fa40-4b00-4c82-a3a9-923b235bc58e}</destination>
		</relationship>
	</object>
	<object class="GameParameter" id="{9779fa40-4b00-4c82-a3a9-923b235bc58e}">
		<property name="parameterType">
			<value>2</value>
		</property>
		<property name="maximum">
			<value>2</value>
		</property>
		<property name="enumerationLabels">
			<value>NotDrive</value>
			<value>Drive</value>
		</property>
		<property name="initialValue">
			<value>0</value>
		</property>
	</object>
</objects>
