<?xml version="1.0" encoding="UTF-8"?>
<objects serializationModel="Studio.02.01.00">
	<object class="ParameterPreset" id="{b461e118-cd2f-4b49-965a-d33aa4512f79}">
		<property name="name">
			<value>WinLose</value>
		</property>
		<relationship name="folder">
			<destination>{768e0742-ed15-4946-9a67-f732e8f84107}</destination>
		</relationship>
		<relationship name="parameter">
			<destination>{e7992a8b-30ad-4d5d-ac67-f2ca1a17b3bb}</destination>
		</relationship>
	</object>
	<object class="GameParameter" id="{e7992a8b-30ad-4d5d-ac67-f2ca1a17b3bb}">
		<property name="parameterType">
			<value>2</value>
		</property>
		<property name="maximum">
			<value>3</value>
		</property>
		<property name="enumerationLabels">
			<value>Win</value>
			<value>Lose</value>
			<value>Game</value>
		</property>
		<property name="initialValue">
			<value>0</value>
		</property>
	</object>
</objects>
