<?xml version="1.0" encoding="UTF-8"?>
<objects serializationModel="Studio.02.01.00">
	<object class="ParameterPreset" id="{d863dab2-f81c-4712-83ef-4148b24cacde}">
		<property name="name">
			<value>Materials</value>
		</property>
		<relationship name="folder">
			<destination>{768e0742-ed15-4946-9a67-f732e8f84107}</destination>
		</relationship>
		<relationship name="parameter">
			<destination>{036bab84-4e6a-4f86-b2cd-4a76b0868a61}</destination>
		</relationship>
	</object>
	<object class="GameParameter" id="{036bab84-4e6a-4f86-b2cd-4a76b0868a61}">
		<property name="parameterType">
			<value>2</value>
		</property>
		<property name="maximum">
			<value>4</value>
		</property>
		<property name="enumerationLabels">
			<value>Concrete</value>
			<value>CardBox</value>
			<value>Plastic</value>
			<value>Metal</value>
		</property>
		<property name="isHeld">
			<value>true</value>
		</property>
		<property name="initialValue">
			<value>1</value>
		</property>
		<property name="isExposedRecursively">
			<value>false</value>
		</property>
	</object>
</objects>
