<?xml version="1.0" encoding="UTF-8"?>
<objects serializationModel="Studio.02.01.00">
	<object class="ParameterPreset" id="{eb83270c-1f89-4a29-aa7a-646bd99e40a5}">
		<property name="name">
			<value>Drift</value>
		</property>
		<relationship name="folder">
			<destination>{768e0742-ed15-4946-9a67-f732e8f84107}</destination>
		</relationship>
		<relationship name="parameter">
			<destination>{67a00656-f876-47c5-aabc-ee785613d80d}</destination>
		</relationship>
	</object>
	<object class="GameParameter" id="{67a00656-f876-47c5-aabc-ee785613d80d}">
		<property name="parameterType">
			<value>2</value>
		</property>
		<property name="maximum">
			<value>2</value>
		</property>
		<property name="enumerationLabels">
			<value>Off</value>
			<value>On</value>
		</property>
		<property name="initialValue">
			<value>0</value>
		</property>
	</object>
</objects>
