<?xml version="1.0" encoding="UTF-8"?>
<objects serializationModel="Studio.02.01.00">
	<object class="EncodingSetting" id="{f433cc10-bd4b-47fc-933a-a75097f02222}">
		<property name="encodingFormat">
			<value>3</value>
		</property>
		<property name="quality">
			<value>37</value>
		</property>
		<relationship name="platform">
			<destination>{b10976e3-30b5-4394-9252-52851a5e7bae}</destination>
		</relationship>
		<relationship name="encodable">
			<destination>{b10976e3-30b5-4394-9252-52851a5e7bae}</destination>
		</relationship>
	</object>
</objects>
