<?xml version="1.0" encoding="UTF-8"?>
<objects serializationModel="Studio.02.01.00">
	<object class="Workspace" id="{7327e743-516b-4ddd-909b-962f37b7720e}">
		<relationship name="projectSettings">
			<destination>{557a1ec4-dcf6-45b5-ba10-5d4139bfce50}</destination>
		</relationship>
		<relationship name="changelist">
			<destination>{c5ac23a3-edd9-4869-a57f-096a742c9474}</destination>
		</relationship>
	</object>
	<object class="ProjectSettings" id="{557a1ec4-dcf6-45b5-ba10-5d4139bfce50}">
		<relationship name="activePlatform">
			<destination>{b10976e3-30b5-4394-9252-52851a5e7bae}</destination>
		</relationship>
	</object>
	<object class="WorkspaceChangelist" id="{c5ac23a3-edd9-4869-a57f-096a742c9474}" />
</objects>
