<?xml version="1.0" encoding="UTF-8"?>
<objects serializationModel="Studio.02.01.00">
	<object class="MixerGroup" id="{37bb2356-489f-4dbc-a758-950b80b5d2a0}">
		<property name="name">
			<value>SFX</value>
		</property>
		<relationship name="effectChain">
			<destination>{9021e55b-2168-492d-b06a-3bc4e7485c9e}</destination>
		</relationship>
		<relationship name="panner">
			<destination>{37f6c51b-10c7-433e-a3f8-34329afed02f}</destination>
		</relationship>
		<relationship name="output">
			<destination>{efb51a76-7518-4a41-b4f1-65ff89100c02}</destination>
		</relationship>
	</object>
	<object class="MixerBusEffectChain" id="{9021e55b-2168-492d-b06a-3bc4e7485c9e}">
		<relationship name="effects">
			<destination>{e800dbe9-d4c6-484d-81a2-01467d55d181}</destination>
		</relationship>
	</object>
	<object class="MixerBusPanner" id="{37f6c51b-10c7-433e-a3f8-34329afed02f}" />
	<object class="MixerBusFader" id="{e800dbe9-d4c6-484d-81a2-01467d55d181}" />
</objects>
