<?xml version="1.0" encoding="UTF-8"?>
<objects serializationModel="Studio.02.01.00">
	<object class="MixerGroup" id="{8e2e07a5-fafc-4e54-94b7-6e57fcc98880}">
		<property name="name">
			<value>EngineGroup</value>
		</property>
		<relationship name="effectChain">
			<destination>{1483e88c-9cd5-43c2-b4be-286517de67a9}</destination>
		</relationship>
		<relationship name="panner">
			<destination>{0fa341fb-92a6-4f76-9bf2-bd0e823c1391}</destination>
		</relationship>
		<relationship name="output">
			<destination>{37bb2356-489f-4dbc-a758-950b80b5d2a0}</destination>
		</relationship>
	</object>
	<object class="MixerBusEffectChain" id="{1483e88c-9cd5-43c2-b4be-286517de67a9}">
		<relationship name="effects">
			<destination>{d2da5bc6-ebc6-494b-bc96-13d2e4f3a4d4}</destination>
			<destination>{cdb2f380-cded-47d0-a73d-81dc33ddfaf1}</destination>
		</relationship>
	</object>
	<object class="MixerBusPanner" id="{0fa341fb-92a6-4f76-9bf2-bd0e823c1391}" />
	<object class="MixerBusFader" id="{d2da5bc6-ebc6-494b-bc96-13d2e4f3a4d4}" />
	<object class="CompressorEffect" id="{cdb2f380-cded-47d0-a73d-81dc33ddfaf1}">
		<property name="threshold">
			<value>-34</value>
		</property>
		<property name="ratio">
			<value>2.29999995</value>
		</property>
		<property name="attackTime">
			<value>1.20000005</value>
		</property>
		<property name="releaseTime">
			<value>78</value>
		</property>
		<property name="gain">
			<value>0.5</value>
		</property>
		<relationship name="sidechains">
			<destination>{ff45c9bd-aa68-4be8-982d-6d5db689fc32}</destination>
		</relationship>
	</object>
</objects>
