<?xml version="1.0" encoding="UTF-8"?>
<objects serializationModel="Studio.02.01.00">
	<object class="MixerGroup" id="{9dd1e151-948e-4aae-842b-837713b36a2e}">
		<property name="name">
			<value>Music</value>
		</property>
		<relationship name="effectChain">
			<destination>{770d2feb-58c0-4def-8c0b-4d701b78acec}</destination>
		</relationship>
		<relationship name="panner">
			<destination>{8951653a-f1d4-435e-9778-4bed171b3e70}</destination>
		</relationship>
		<relationship name="output">
			<destination>{efb51a76-7518-4a41-b4f1-65ff89100c02}</destination>
		</relationship>
	</object>
	<object class="MixerBusEffectChain" id="{770d2feb-58c0-4def-8c0b-4d701b78acec}">
		<relationship name="effects">
			<destination>{3da5f042-6185-45b0-b9ef-d6b0d331f600}</destination>
		</relationship>
	</object>
	<object class="MixerBusPanner" id="{8951653a-f1d4-435e-9778-4bed171b3e70}" />
	<object class="MixerBusFader" id="{3da5f042-6185-45b0-b9ef-d6b0d331f600}" />
</objects>
