<?xml version="1.0" encoding="UTF-8"?>
<objects serializationModel="Studio.02.01.00">
	<object class="MixerGroup" id="{afc02376-6698-4c26-a1a8-d67b0d9617e7}">
		<property name="name">
			<value>Impacts</value>
		</property>
		<relationship name="effectChain">
			<destination>{7dea83cc-4e75-45bb-b4aa-730a6cb2f632}</destination>
		</relationship>
		<relationship name="panner">
			<destination>{7b8c141e-f0c2-42ec-822e-acbe86b4930c}</destination>
		</relationship>
		<relationship name="output">
			<destination>{37bb2356-489f-4dbc-a758-950b80b5d2a0}</destination>
		</relationship>
	</object>
	<object class="MixerBusEffectChain" id="{7dea83cc-4e75-45bb-b4aa-730a6cb2f632}">
		<relationship name="effects">
			<destination>{1f71aa94-5284-4b9c-9d50-d30a3c47be72}</destination>
			<destination>{ff45c9bd-aa68-4be8-982d-6d5db689fc32}</destination>
		</relationship>
	</object>
	<object class="MixerBusPanner" id="{7b8c141e-f0c2-42ec-822e-acbe86b4930c}" />
	<object class="MixerBusFader" id="{1f71aa94-5284-4b9c-9d50-d30a3c47be72}" />
	<object class="Sidechain" id="{ff45c9bd-aa68-4be8-982d-6d5db689fc32}" />
</objects>
