<?xml version="1.0" encoding="UTF-8"?>
<objects serializationModel="Studio.02.01.00">
	<object class="MixerGroup" id="{efb51a76-7518-4a41-b4f1-65ff89100c02}">
		<property name="name">
			<value>Master</value>
		</property>
		<relationship name="effectChain">
			<destination>{fb5a4be1-8a20-43f0-9175-e025c46e4fbe}</destination>
		</relationship>
		<relationship name="panner">
			<destination>{e4b454ae-0116-44c2-9818-b3e0d7b62911}</destination>
		</relationship>
		<relationship name="output">
			<destination>{3977c42c-d3cd-465d-82b0-bd4f81fbf1cb}</destination>
		</relationship>
	</object>
	<object class="MixerBusEffectChain" id="{fb5a4be1-8a20-43f0-9175-e025c46e4fbe}">
		<relationship name="effects">
			<destination>{8ca001e3-5b95-42d2-b2eb-47aefd135c7e}</destination>
		</relationship>
	</object>
	<object class="MixerBusPanner" id="{e4b454ae-0116-44c2-9818-b3e0d7b62911}" />
	<object class="MixerBusFader" id="{8ca001e3-5b95-42d2-b2eb-47aefd135c7e}" />
</objects>
