<?xml version="1.0" encoding="UTF-8"?>
<objects serializationModel="Studio.02.01.00">
	<object class="AudioFile" id="{2aca9432-c3ab-4aaa-b897-b42b66052490}">
		<property name="assetPath">
			<value>ImpactCar/Metal/Impact_14_concrete.wav</value>
		</property>
		<property name="frequencyInKHz">
			<value>96</value>
		</property>
		<property name="channelCount">
			<value>1</value>
		</property>
		<property name="length">
			<value>0.40213541666666669</value>
		</property>
		<relationship name="masterAssetFolder">
			<destination>{ef4d16fc-d489-42a9-9902-59da33da252c}</destination>
		</relationship>
	</object>
</objects>
