<?xml version="1.0" encoding="UTF-8"?>
<objects serializationModel="Studio.02.01.00">
	<object class="AudioFile" id="{3887b13f-ab05-4d0e-b1dc-fd0ad98983d8}">
		<property name="assetPath">
			<value>Steering/Steer03.wav</value>
		</property>
		<property name="frequencyInKHz">
			<value>96</value>
		</property>
		<property name="channelCount">
			<value>1</value>
		</property>
		<property name="length">
			<value>0.32938541666666665</value>
		</property>
		<relationship name="masterAssetFolder">
			<destination>{ef4d16fc-d489-42a9-9902-59da33da252c}</destination>
		</relationship>
	</object>
</objects>
