<?xml version="1.0" encoding="UTF-8"?>
<objects serializationModel="Studio.02.01.00">
	<object class="AudioFile" id="{85e07431-e9b8-476c-910e-e8e3c2b353cb}">
		<property name="assetPath">
			<value>EngineStop_01.wav</value>
		</property>
		<property name="frequencyInKHz">
			<value>48</value>
		</property>
		<property name="channelCount">
			<value>2</value>
		</property>
		<property name="length">
			<value>1.42475</value>
		</property>
		<relationship name="masterAssetFolder">
			<destination>{ef4d16fc-d489-42a9-9902-59da33da252c}</destination>
		</relationship>
	</object>
</objects>
