<?xml version="1.0" encoding="UTF-8"?>
<objects serializationModel="Studio.02.01.00">
	<object class="AudioFile" id="{99fc538a-8586-401b-8024-55db06cb0029}">
		<property name="assetPath">
			<value>ImpactCar/Cardbox/Impact_13_plastic.wav</value>
		</property>
		<property name="frequencyInKHz">
			<value>96</value>
		</property>
		<property name="channelCount">
			<value>1</value>
		</property>
		<property name="length">
			<value>0.34762500000000002</value>
		</property>
		<relationship name="masterAssetFolder">
			<destination>{ef4d16fc-d489-42a9-9902-59da33da252c}</destination>
		</relationship>
	</object>
</objects>
