<?xml version="1.0" encoding="UTF-8"?>
<objects serializationModel="Studio.02.01.00">
	<object class="AudioFile" id="{cce4615e-0f9c-4eb8-a20f-89f5fdf2cd32}">
		<property name="assetPath">
			<value>ObjectsImpact/Concrete/ConcreteJump03.wav</value>
		</property>
		<property name="frequencyInKHz">
			<value>44.0999985</value>
		</property>
		<property name="channelCount">
			<value>2</value>
		</property>
		<property name="length">
			<value>0.45399092970521543</value>
		</property>
		<relationship name="masterAssetFolder">
			<destination>{ef4d16fc-d489-42a9-9902-59da33da252c}</destination>
		</relationship>
	</object>
</objects>
