<?xml version="1.0" encoding="UTF-8"?>
<objects serializationModel="Studio.02.01.00">
	<object class="EffectPreset" id="{ba2c5cd5-4f4b-4446-aac0-c9d6dddf7dac}">
		<property name="name">
			<value>Effect Chain</value>
		</property>
		<relationship name="folder">
			<destination>{08f9bfb2-8223-4a7a-a9c0-92c620508b38}</destination>
		</relationship>
		<relationship name="effect">
			<destination>{a70d8d4c-05a5-4ecb-9e71-277f252b516f}</destination>
		</relationship>
	</object>
	<object class="EffectChain" id="{a70d8d4c-05a5-4ecb-9e71-277f252b516f}" />
</objects>
