<?xml version="1.0" encoding="UTF-8"?>
<objects serializationModel="Studio.02.01.00">
	<object class="MixerMaster" id="{3977c42c-d3cd-465d-82b0-bd4f81fbf1cb}">
		<property name="name">
			<value>Master Bus</value>
		</property>
		<relationship name="effectChain">
			<destination>{5023671c-3d78-4e47-b360-6f9d23d3b745}</destination>
		</relationship>
		<relationship name="panner">
			<destination>{e01f4599-085a-473e-8da9-9712d61f8638}</destination>
		</relationship>
		<relationship name="mixer">
			<destination>{9a7c98a3-d3bb-425f-b520-327fd5604b65}</destination>
		</relationship>
	</object>
	<object class="MixerBusEffectChain" id="{5023671c-3d78-4e47-b360-6f9d23d3b745}">
		<relationship name="effects">
			<destination>{1ad75ef0-1c45-4f35-9abb-85f0b798ff0e}</destination>
		</relationship>
	</object>
	<object class="MixerBusPanner" id="{e01f4599-085a-473e-8da9-9712d61f8638}">
		<property name="overridingOutputFormat">
			<value>2</value>
		</property>
	</object>
	<object class="MixerBusFader" id="{1ad75ef0-1c45-4f35-9abb-85f0b798ff0e}" />
</objects>
