<?xml version="1.0" encoding="UTF-8"?>
<objects serializationModel="Studio.02.01.00">
	<object class="Workspace" id="{7327e743-516b-4ddd-909b-962f37b7720e}">
		<relationship name="masterEventFolder">
			<destination>{be03d365-8edb-4d15-b76b-ec8c4120befe}</destination>
		</relationship>
		<relationship name="masterTagFolder">
			<destination>{a4883168-bf08-4db0-9d77-cb9d0c48eaba}</destination>
		</relationship>
		<relationship name="masterEffectPresetFolder">
			<destination>{08f9bfb2-8223-4a7a-a9c0-92c620508b38}</destination>
		</relationship>
		<relationship name="masterParameterPresetFolder">
			<destination>{768e0742-ed15-4946-9a67-f732e8f84107}</destination>
		</relationship>
		<relationship name="masterBankFolder">
			<destination>{1a4ac5ef-d28e-4694-951d-ed6f749719d2}</destination>
		</relationship>
		<relationship name="masterSandboxFolder">
			<destination>{9ccd1448-a057-433c-937e-9fcd2efcea6b}</destination>
		</relationship>
		<relationship name="masterAssetFolder">
			<destination>{ef4d16fc-d489-42a9-9902-59da33da252c}</destination>
		</relationship>
		<relationship name="mixer">
			<destination>{9a7c98a3-d3bb-425f-b520-327fd5604b65}</destination>
		</relationship>
		<relationship name="profilerSessionFolder">
			<destination>{694c27ec-15db-413d-8f6b-af79fb828c29}</destination>
		</relationship>
		<relationship name="platforms">
			<destination>{b10976e3-30b5-4394-9252-52851a5e7bae}</destination>
		</relationship>
	</object>
</objects>
